amount,hour_of_day,day_of_week,days_since_last_txn,txn_count_24h,txn_count_7d,distance_from_home_km,account_tenure_months,cardholder_age,foreign_transaction,merchant_category,device_type,income_tier,online_transaction,risk_score
288.18,15,2,0.43,7,28,44.6,98,49,0,Travel,Chip,High,0,33.3
34.61,9,0,0.67,2,18,40.0,49,29,1,Other,Online,Med,1,73.2
240.46,19,5,0.38,1,6,1223.7,113,56,0,Travel,Online,Med,1,44.6
38.31,10,3,0.15,2,17,5.0,8,59,0,General Retail,Chip,Med,0,34.0
107.5,21,0,0.57,2,9,25.9,0,18,0,General Retail,Online,Med,1,53.5
52.12,12,0,0.83,1,5,51.5,31,25,0,Other,Online,Low,1,47.9
56.74,16,5,0.05,1,18,15.6,13,46,0,Grocery,Online,Med,1,41.3
220.97,15,0,1.74,0,7,14.8,55,40,0,Grocery,Contactless,Low,0,40.2
338.53,11,3,0.36,1,2,161.5,39,44,0,Electronics,Online,High,1,63.9
81.5,14,4,1.55,0,3,9.4,118,32,0,Grocery,Contactless,Med,0,40.8
55.19,21,6,0.46,3,20,18.5,150,58,0,Restaurant,Contactless,Low,0,20.6
46.81,15,1,0.54,2,6,3.0,94,56,0,Gas,Chip,Med,0,38.8
53.56,6,2,0.71,1,7,41.4,56,45,0,Gas,Contactless,Med,0,39.0
48.5,18,1,0.88,1,15,3.1,94,61,0,Grocery,Online,Low,1,33.9
121.58,9,6,0.35,1,2,31.5,103,52,0,General Retail,Contactless,High,0,37.6
23.83,16,4,0.03,2,14,2.5,74,32,0,Restaurant,Contactless,Med,0,36.3
53.15,14,6,0.25,1,10,8.4,130,50,0,General Retail,Online,Med,1,21.7
57.02,14,0,0.02,3,22,42.2,36,30,0,Gas,Swipe,High,0,35.8
9.74,4,4,0.65,1,4,55.2,213,58,0,Other,Chip,Med,0,29.0
352.1,11,0,1.79,0,7,45.1,179,44,0,General Retail,Swipe,Med,0,29.1
528.53,6,0,0.89,1,10,6.1,93,42,0,Other,Chip,Low,0,44.2
36.58,15,3,0.75,3,5,12.2,88,34,0,Restaurant,Chip,Low,0,34.3
84.77,17,2,0.23,1,1,31.2,85,63,0,Grocery,Contactless,Med,0,42.4
1172.93,17,2,0.19,4,14,73.0,44,42,0,Travel,Online,Med,1,37.9
100.17,4,0,14.26,0,0,1.8,196,38,1,Electronics,Online,Med,1,95.2
100.56,8,3,0.15,2,18,60.0,4,39,1,Grocery,Chip,Med,0,65.8
56.69,17,2,5.57,0,1,576.0,3,52,0,General Retail,Chip,Med,0,42.4
4796.58,15,6,2.12,0,4,1.3,5,50,0,Jewelry,Chip,High,0,48.9
57.42,20,5,0.32,8,36,24.8,192,51,0,Grocery,Chip,High,0,20.9
201.43,9,3,0.02,15,19,33.2,91,51,1,General Retail,Online,Med,1,85.6
52.74,8,5,0.12,3,14,12.2,171,77,0,Gas,Chip,High,0,22.8
270.62,12,4,0.18,8,38,9.7,160,38,0,Grocery,Contactless,High,0,11.2
181.04,17,3,0.29,1,15,54.7,160,37,0,Electronics,Online,Low,1,52.5
257.11,14,6,0.12,3,20,639.4,93,32,0,General Retail,Chip,Med,0,47.1
662.71,6,4,0.46,1,5,9.1,4,54,0,Travel,Online,Low,1,61.5
616.68,4,3,0.05,5,33,25.4,24,61,0,Travel,Online,Med,1,79.2
88.01,17,3,0.02,13,14,36.4,109,43,0,Other,Chip,Med,0,53.8
22.44,13,5,23.26,0,0,10.9,78,32,0,Restaurant,Chip,Med,0,45.2
5.32,19,5,0.28,1,10,18.0,69,32,0,Restaurant,Contactless,Med,0,34.6
73.77,11,3,2.85,0,3,35.7,15,54,0,Gas,Contactless,Med,0,37.1
53.42,11,1,0.42,1,7,25.3,82,56,0,General Retail,Contactless,Med,0,36.7
304.69,10,4,0.51,1,15,6.2,102,53,0,General Retail,Contactless,High,0,38.7
692.2,23,3,0.01,1,7,6.7,74,35,0,Travel,Online,High,1,37.0
91.02,1,6,7.56,0,0,24.3,53,48,0,Restaurant,Chip,Med,0,48.6
80.58,9,6,2.78,0,3,13.5,68,46,0,Grocery,Chip,Low,0,35.3
31.24,19,0,0.64,2,11,30.0,41,48,0,Electronics,Contactless,Low,0,45.0
499.31,7,6,0.17,1,10,22.7,127,58,0,Electronics,Online,Low,1,42.3
28.59,12,6,0.11,7,37,27.1,148,48,0,Restaurant,Chip,Med,0,28.0
1358.35,12,6,0.28,2,10,17.8,144,55,0,Jewelry,Contactless,Low,0,29.5
175.88,18,3,0.3,3,10,36.5,8,46,0,General Retail,Chip,High,0,36.0
744.77,12,1,0.03,5,60,15.5,215,49,0,Travel,Chip,Med,0,20.6
30.17,21,4,6.87,0,1,1.0,4,54,0,Restaurant,Online,Med,1,62.3
31.08,18,6,0.29,1,1,8.3,39,23,0,General Retail,Chip,Low,0,35.8
41.51,15,3,0.33,6,47,43.6,131,40,0,Grocery,Chip,Med,0,15.0
17.07,11,6,3.11,0,4,1881.0,165,37,0,Grocery,Chip,Med,0,32.5
239.71,20,1,0.52,3,10,30.0,33,35,0,Travel,Online,Med,1,35.0
10.74,21,5,0.54,2,5,10.8,182,40,0,Restaurant,Contactless,Low,0,24.7
25.49,20,0,0.24,2,14,587.1,160,67,0,Grocery,Contactless,High,0,34.7
51.61,7,5,0.01,15,38,3.0,121,32,0,Grocery,Chip,Low,0,38.4
48.05,19,6,0.99,1,7,35.4,77,59,0,Restaurant,Chip,Low,0,37.8
666.15,18,4,2.4,0,3,33.9,8,19,0,Jewelry,Chip,High,0,43.7
22.14,22,4,0.76,1,9,457.4,13,39,0,Restaurant,Contactless,Low,0,48.5
148.55,9,2,6.12,0,1,60.0,190,47,1,Travel,Chip,Low,0,58.1
248.05,20,6,1.0,1,3,20.1,6,53,0,Electronics,Online,Med,1,64.3
19.97,19,0,0.03,15,27,30.3,127,55,0,Restaurant,Contactless,Med,0,37.4
271.32,20,2,0.1,2,12,10.7,208,56,0,Electronics,Contactless,Low,0,36.6
17.8,18,0,0.19,7,24,21.2,42,39,0,Grocery,Contactless,Low,0,41.5
54.47,21,1,0.08,1,7,2.5,207,38,0,Restaurant,Online,Low,1,21.7
38.04,12,3,0.21,1,6,233.4,121,57,0,Grocery,Swipe,Med,0,32.0
61.11,9,2,30.0,0,0,6.6,141,42,0,Grocery,Contactless,Low,0,27.2
97.91,12,2,19.6,0,0,1033.6,69,25,0,Grocery,Contactless,Med,0,53.5
80.32,20,1,1.84,0,4,25.2,6,28,0,Grocery,Chip,High,0,39.6
589.36,7,2,1.67,0,4,5.6,87,31,0,Electronics,Online,Low,1,64.4
11.93,17,3,0.31,1,13,12.5,68,52,0,General Retail,Online,Med,1,37.4
37.2,23,1,7.9,0,0,5000.0,161,47,1,Other,Contactless,Low,0,64.0
210.88,21,6,0.3,4,15,462.1,4,55,1,General Retail,Contactless,Low,0,80.7
119.96,18,6,0.49,1,13,4.3,2,38,0,General Retail,Online,Low,1,56.5
182.88,19,6,0.05,1,16,2.0,109,47,0,Grocery,Chip,Med,0,41.7
429.15,8,0,0.05,6,31,34.4,32,54,0,General Retail,Contactless,Med,0,31.8
46.32,17,3,0.8,1,15,25.4,2,40,0,Restaurant,Chip,Med,0,40.7
54.41,15,5,0.58,2,10,15.5,95,51,0,Other,Chip,Med,0,41.8
31.68,19,2,0.05,1,13,1.9,114,35,0,Other,Contactless,High,0,41.2
40.37,11,1,1.29,0,13,498.8,172,39,0,Grocery,Contactless,Med,0,32.5
50.18,7,4,0.14,1,5,1.9,3,39,0,General Retail,Contactless,Low,0,39.6
57.09,18,0,0.08,5,18,0.9,86,27,0,General Retail,Chip,High,0,36.4
35.52,14,4,10.45,0,0,2442.3,167,52,0,General Retail,Chip,Med,0,26.9
71.4,20,3,18.41,0,0,4.2,129,37,0,Grocery,Chip,Med,0,25.8
2453.26,14,4,0.02,11,21,2.0,127,45,0,Jewelry,Online,Med,1,69.1
1019.28,21,4,0.96,1,2,33.3,129,52,0,Travel,Online,Med,1,28.5
25.28,17,3,0.06,10,21,5.9,66,51,0,Restaurant,Chip,Low,0,55.0
193.78,19,4,0.34,3,23,44.1,7,54,0,General Retail,Chip,Low,0,38.6
68.9,18,0,0.1,5,38,22.6,163,43,0,Grocery,Chip,Med,0,25.9
67.21,10,6,0.68,3,12,6.3,176,38,0,Other,Contactless,Med,0,27.1
51.43,12,0,0.88,1,17,0.8,180,43,0,Grocery,Contactless,Med,0,28.6
48.3,21,6,0.77,1,8,4.2,11,19,0,Grocery,Chip,Med,0,34.2
73.49,10,6,19.25,0,0,7.4,23,23,0,Gas,Chip,High,0,40.8
441.56,18,5,4.94,0,4,160.7,47,25,0,Electronics,Contactless,High,0,46.1
312.27,10,5,0.01,3,33,1.9,85,30,0,Jewelry,Swipe,Med,0,49.4
28.88,19,0,3.11,0,2,6.0,18,50,0,Grocery,Chip,Low,0,43.9
67.1,10,6,0.23,3,12,5.4,128,31,0,Grocery,Chip,Med,0,16.4
631.11,15,3,5.13,0,2,1977.6,47,39,0,Travel,Contactless,Med,0,75.9
29.26,17,2,1.05,0,9,16.7,1,64,0,Restaurant,Contactless,Med,0,37.5
22.93,10,4,1.47,0,2,47.4,49,39,0,Grocery,Chip,Low,0,34.6
244.56,14,3,1.43,0,3,9.6,36,56,0,Other,Chip,Med,0,36.2
108.03,21,2,0.49,2,16,1.4,21,30,0,Grocery,Chip,Med,0,33.9
12.87,17,2,0.29,2,10,27.5,171,41,0,General Retail,Chip,Med,0,26.8
96.79,23,0,0.03,11,21,16.4,101,30,0,Gas,Chip,High,0,51.5
344.37,20,6,0.23,2,12,378.5,219,39,1,Travel,Online,Med,1,69.2
503.08,17,4,0.1,6,38,18.1,186,57,0,Travel,Online,Med,1,27.6
86.88,17,2,2.79,0,1,592.0,5,19,0,Restaurant,Chip,Med,0,45.5
2363.0,21,5,1.11,0,27,298.3,60,51,1,Jewelry,Swipe,Med,0,100.0
166.02,15,4,0.08,4,19,696.0,53,48,0,Other,Online,Low,1,39.3
409.94,13,0,0.18,2,11,11.8,158,36,1,Electronics,Online,Med,1,83.9
13.19,21,1,1.2,0,9,7.9,20,23,0,Restaurant,Chip,Med,0,37.9
8.09,22,1,0.54,3,8,2.1,190,46,0,Restaurant,Contactless,Med,0,28.6
632.81,14,0,6.44,0,1,36.3,177,37,0,Electronics,Online,Low,1,39.5
155.27,9,5,0.11,10,33,3.0,188,48,0,Grocery,Contactless,High,0,39.4
32.39,16,1,1.77,0,2,1.5,132,45,0,Grocery,Chip,Med,0,28.1
46.15,19,5,1.24,0,9,14.0,135,69,0,Grocery,Chip,Med,0,23.5
199.85,13,3,0.67,2,15,59.4,2,41,0,Electronics,Contactless,Med,0,44.9
37.63,19,0,0.37,3,11,23.3,40,29,0,Grocery,Chip,Med,0,31.6
73.79,15,5,0.03,13,17,9.9,229,47,0,Gas,Online,Med,1,46.6
104.6,11,1,0.1,4,19,9.9,220,48,0,General Retail,Chip,Med,0,22.9
47.39,17,6,0.77,3,7,16.7,0,65,0,Grocery,Online,Med,1,64.4
163.98,13,0,0.17,3,10,33.9,39,57,0,Gas,Contactless,High,0,43.9
12.62,20,4,5.45,0,1,55.2,118,50,0,Restaurant,Online,Med,1,43.3
59.76,0,2,0.07,1,7,2.2,191,66,0,Gas,Contactless,Med,0,35.7
24.52,20,3,0.95,1,8,3.0,17,27,0,Other,Contactless,Med,0,36.1
49.65,11,5,0.62,1,17,10.2,0,35,0,Grocery,Chip,Med,0,35.8
377.23,21,5,2.14,0,1,14.4,40,31,0,Electronics,Chip,Med,0,54.7
69.71,20,1,5.22,0,1,24.9,128,39,0,Restaurant,Chip,Med,0,24.0
40.38,10,0,0.01,2,25,5000.0,34,24,0,Grocery,Contactless,Low,0,48.8
37.7,23,1,0.16,1,20,18.2,51,54,0,Grocery,Online,Low,1,39.9
56.73,14,5,0.02,17,27,34.5,133,41,0,General Retail,Contactless,Low,0,40.8
19.42,17,3,0.3,3,18,30.9,15,22,0,Restaurant,Contactless,High,0,37.0
61.81,21,5,1.03,0,9,25.9,19,29,0,Gas,Chip,Med,0,42.7
92.74,21,3,0.23,5,17,1.5,5,49,0,Other,Contactless,Med,0,38.1
51.28,19,3,0.02,4,22,33.8,150,57,0,Restaurant,Contactless,Med,0,23.0
65.3,23,0,0.32,2,15,867.9,115,74,0,Other,Contactless,Med,0,41.4
57.25,12,0,0.75,1,1,1.5,127,85,0,Grocery,Chip,High,0,26.1
139.35,10,4,0.21,2,14,753.4,140,51,0,Grocery,Chip,High,0,29.3
264.77,1,1,0.51,2,16,6.6,17,30,0,General Retail,Online,High,1,51.4
99.75,12,2,0.22,1,8,7.8,0,18,0,Gas,Chip,High,0,48.2
60.96,16,2,1.26,0,5,79.0,104,49,0,Grocery,Swipe,Low,0,40.1
115.27,11,4,0.19,1,3,88.0,0,32,0,Grocery,Contactless,Low,0,45.2
41.97,16,6,5.09,0,2,4.4,122,38,0,Grocery,Contactless,Med,0,21.9
347.04,2,5,0.11,1,1,22.4,110,35,0,Travel,Chip,Med,0,51.7
67.36,12,4,0.22,4,27,24.2,94,42,0,Gas,Chip,Low,0,43.0
162.7,19,5,0.33,3,20,39.3,5,60,0,Other,Online,Med,1,65.5
39.62,8,3,0.01,13,28,581.9,34,47,0,Grocery,Contactless,Low,0,67.3
14.69,19,1,0.02,12,13,17.4,154,42,0,Restaurant,Contactless,Low,0,42.5
31.75,20,3,4.55,0,1,4.4,84,29,0,Restaurant,Swipe,Med,0,41.6
52.33,16,6,0.08,3,12,6.5,11,19,0,General Retail,Swipe,High,0,33.9
1557.98,22,5,7.4,0,0,4.8,106,37,0,Electronics,Online,Med,1,70.8
654.01,21,2,9.42,0,0,22.8,84,44,0,Electronics,Chip,Med,0,43.0
39.45,6,2,0.11,1,8,39.9,155,71,0,Grocery,Chip,High,0,29.8
19.94,19,6,0.1,2,18,330.0,70,46,0,Restaurant,Chip,High,0,48.8
163.79,12,0,1.64,0,6,3.1,191,59,0,Electronics,Chip,Med,0,37.7
38.25,13,6,0.04,9,43,26.1,124,37,0,Grocery,Swipe,Med,0,50.7
63.12,16,4,0.74,2,9,25.1,34,27,0,General Retail,Chip,Low,0,42.2
74.96,18,5,6.53,0,1,1.7,17,30,0,Gas,Online,Med,1,32.7
15.59,21,2,0.01,21,55,47.3,140,34,0,Restaurant,Swipe,Low,0,44.8
206.04,18,4,1.87,0,10,10.1,9,76,0,Restaurant,Online,Med,1,30.4
18.24,20,2,0.11,1,27,406.0,5,32,0,Restaurant,Contactless,Med,0,44.2
80.78,16,0,0.91,1,5,25.4,172,57,0,Electronics,Online,Low,1,49.5
422.65,8,3,1.81,0,7,3.5,51,31,0,General Retail,Contactless,Med,0,40.6
262.37,3,6,4.12,0,3,238.0,3,58,0,Other,Chip,Med,0,52.3
353.2,15,1,0.15,4,32,3.2,51,50,0,Travel,Online,Med,1,34.8
42.85,19,1,0.1,4,19,15.0,86,42,0,Restaurant,Swipe,Low,0,40.0
108.81,7,6,0.71,2,22,26.6,217,44,0,General Retail,Chip,Low,0,29.5
41.0,15,6,0.55,4,15,1.3,28,35,0,Restaurant,Chip,Med,0,38.0
121.24,12,5,4.26,0,2,241.1,230,51,0,Electronics,Contactless,High,0,49.5
12.93,16,6,0.19,1,5,30.6,168,38,0,Grocery,Online,High,1,23.4
30.08,13,6,0.53,3,8,182.2,33,26,0,Other,Contactless,Med,0,40.7
477.23,9,6,13.1,0,0,61.7,23,25,0,General Retail,Chip,Med,0,39.4
495.36,0,6,0.08,1,5,5.6,71,47,0,General Retail,Online,Med,1,47.6
78.21,11,5,2.47,0,13,31.3,191,68,0,General Retail,Online,High,1,30.0
29.76,15,2,0.29,3,28,45.5,62,47,0,General Retail,Chip,Low,0,34.4
734.68,22,3,0.04,15,27,15.5,68,43,0,Jewelry,Online,Med,1,73.7
842.32,11,2,0.21,3,8,1.0,66,49,0,Jewelry,Swipe,Med,0,46.3
81.27,15,3,2.65,0,3,37.8,2,64,0,Grocery,Contactless,Med,0,37.0
6.7,16,4,0.02,12,20,394.7,141,48,0,General Retail,Online,Low,1,53.3
343.77,18,1,0.05,4,9,9.3,36,38,0,Restaurant,Chip,Low,0,33.0
249.26,12,0,0.31,1,7,8.0,89,61,0,General Retail,Contactless,Med,0,40.1
70.43,6,4,1.05,0,9,3.4,92,51,0,General Retail,Online,Med,1,39.6
34.48,21,6,0.17,2,10,27.0,3,68,0,Grocery,Chip,Med,0,39.3
933.49,23,6,1.49,0,26,15.9,168,47,0,Travel,Online,Low,1,29.0
63.31,15,0,0.03,5,14,2.3,12,26,0,Restaurant,Chip,High,0,37.9
92.78,16,4,0.58,2,15,4.9,2,24,0,General Retail,Online,Med,1,60.2
1010.43,1,3,2.12,0,7,6.2,164,69,0,Jewelry,Online,High,1,90.4
458.5,9,2,3.67,0,2,0.1,95,70,0,Jewelry,Chip,Low,0,46.4
725.99,4,4,1.5,0,2,13.3,1,42,0,Travel,Online,High,1,92.0
104.06,18,2,0.83,1,1,1.8,82,39,0,Grocery,Chip,High,0,36.4
81.13,10,6,0.51,2,11,18.1,157,66,0,Grocery,Contactless,High,0,23.8
876.4,11,6,0.68,2,17,7.0,65,28,0,Jewelry,Swipe,High,0,44.6
83.79,1,4,1.55,0,4,4.5,73,31,0,Gas,Chip,Med,0,47.7
19.48,6,3,0.12,3,14,11.1,59,54,0,Grocery,Contactless,Med,0,38.7
32.74,13,4,0.06,1,25,1.0,206,39,0,Grocery,Swipe,Med,0,23.7
48.51,15,6,1.4,0,3,4.2,83,44,0,Gas,Contactless,Med,0,41.4
39.81,16,2,2.58,0,3,2.5,59,42,0,Other,Contactless,High,0,41.5
36.99,14,6,3.62,0,9,35.4,205,50,0,Grocery,Chip,Low,0,15.3
80.34,14,4,0.41,2,17,32.1,56,66,0,Gas,Chip,Med,0,32.3
71.17,19,0,0.02,14,20,124.5,1,46,0,Other,Chip,High,0,46.0
9.78,11,5,0.08,2,8,1.2,46,54,0,Other,Swipe,Low,0,36.9
35.25,10,1,0.17,5,33,21.9,0,18,0,Gas,Chip,Low,0,36.7
347.72,20,3,2.71,0,4,579.1,101,44,0,Electronics,Chip,Med,0,54.0
56.44,18,6,5.61,0,2,6.2,58,32,0,Grocery,Contactless,Med,0,41.4
840.51,14,5,0.53,1,3,3.4,56,26,0,Travel,Online,High,1,37.8
65.13,11,4,0.27,4,25,421.3,80,31,0,Grocery,Contactless,Low,0,42.2
33.34,10,0,0.43,1,5,936.3,142,39,1,Restaurant,Chip,Med,0,64.4
29.78,5,6,9.9,0,0,16.5,51,58,0,Gas,Chip,Med,0,36.0
398.64,20,2,0.56,2,20,12.4,53,25,0,Jewelry,Chip,Med,0,40.9
36.69,16,0,0.5,1,23,873.1,184,45,1,Grocery,Chip,Med,0,68.2
35.25,7,6,0.21,2,8,1.3,115,37,0,Restaurant,Contactless,High,0,39.7
1043.69,11,1,0.48,1,8,32.9,62,40,0,Jewelry,Chip,Med,0,52.6
62.22,10,2,2.34,0,6,9.4,213,60,1,Grocery,Online,Low,1,52.9
692.77,10,0,0.16,3,15,27.6,187,53,0,Electronics,Online,Med,1,44.7
27.74,17,4,0.12,7,40,8.1,166,65,0,Restaurant,Chip,Med,0,21.1
146.61,13,6,0.54,2,18,11.0,23,42,0,Grocery,Contactless,Med,0,39.6
54.66,21,3,0.54,2,2,11.1,101,34,0,Gas,Contactless,Low,0,41.4
35.02,19,6,3.35,0,4,0.4,166,41,0,Restaurant,Chip,Low,0,25.9
96.06,21,6,0.07,4,14,6.9,65,48,0,Grocery,Contactless,High,0,38.6
38.92,20,6,20.32,0,0,1.3,63,47,0,General Retail,Chip,Low,0,41.4
11.47,22,1,0.19,2,14,61.0,4,28,0,General Retail,Online,Med,1,58.2
23.47,23,1,0.2,8,21,10.0,126,46,0,Restaurant,Chip,Med,0,29.0
56.39,13,2,25.36,0,0,24.3,3,48,0,Restaurant,Contactless,Low,0,45.9
394.33,9,4,0.8,1,9,21.1,92,82,1,Travel,Online,Low,1,66.7
45.44,9,6,0.64,2,10,12.1,2,73,0,Gas,Contactless,Med,0,37.0
37.99,17,2,0.56,3,14,1253.2,99,32,0,General Retail,Contactless,Med,0,39.0
56.76,18,4,0.39,1,11,29.4,231,40,0,Electronics,Online,Med,1,47.3
84.87,7,1,10.91,0,0,17.1,33,23,0,Gas,Contactless,Med,0,39.6
60.7,20,3,0.19,3,19,2.5,135,36,0,General Retail,Chip,Low,0,18.1
39.63,20,5,0.17,1,3,8.8,100,49,0,Other,Online,Low,1,34.9
39.07,17,2,0.5,1,15,5.8,43,63,0,General Retail,Chip,Low,0,42.2
245.43,13,1,0.98,1,5,56.4,77,34,0,Other,Contactless,Med,0,38.9
68.29,9,2,3.08,0,1,2.4,81,35,0,Gas,Contactless,Med,0,41.1
40.02,15,5,7.74,0,0,17.5,0,18,0,General Retail,Online,High,1,54.8
66.54,9,6,0.01,15,24,28.8,64,42,0,Gas,Contactless,Low,0,55.9
50.05,16,4,0.46,2,7,1048.2,97,29,0,Grocery,Contactless,Med,0,52.1
38.01,11,4,3.07,0,5,0.6,59,37,0,Other,Chip,Med,0,35.4
42.68,10,2,8.35,0,0,6.1,103,31,0,Gas,Chip,Med,0,36.0
31.98,13,6,0.39,2,7,9.3,27,43,0,Other,Online,Med,1,40.3
164.19,16,6,0.74,2,24,4.0,0,18,0,Jewelry,Contactless,Low,0,43.2
152.11,12,6,4.15,0,6,9.8,14,22,0,Other,Chip,Med,0,40.9
56.14,22,6,8.57,0,0,19.3,12,76,0,Other,Swipe,Med,0,30.8
152.78,0,3,0.1,2,8,27.5,17,25,0,General Retail,Chip,Med,0,39.3
81.16,21,6,1.18,0,5,0.9,66,28,0,Other,Swipe,Low,0,39.3
707.24,0,4,7.13,0,0,18.8,136,72,0,Travel,Chip,Med,0,58.3
12.17,10,4,0.77,2,6,12.0,14,85,0,General Retail,Chip,Med,0,35.7
277.63,21,4,6.49,0,1,15.1,4,27,0,Jewelry,Chip,Med,0,50.3
69.28,18,1,0.62,2,14,7.6,92,39,0,Grocery,Contactless,Low,0,40.5
24.02,17,5,0.26,2,12,56.5,53,50,0,Grocery,Chip,Med,0,33.1
55.72,18,2,0.13,4,15,1.3,61,70,0,Gas,Chip,Med,0,40.1
13.04,15,4,0.23,3,24,947.9,85,30,0,Restaurant,Chip,Med,0,43.4
48.32,19,5,0.52,3,9,957.8,93,41,0,Gas,Contactless,Med,0,46.3
341.34,9,0,0.12,8,30,13.4,54,56,0,General Retail,Chip,Low,0,37.9
974.75,19,2,0.25,1,12,54.6,76,51,0,Jewelry,Chip,Low,0,40.8
120.29,22,6,0.43,4,27,4.0,55,39,1,Jewelry,Online,Med,1,94.5
708.13,20,2,0.26,6,24,10.5,73,42,0,Electronics,Contactless,Med,0,37.2
433.0,18,4,0.55,1,6,22.6,5,24,0,Other,Chip,Med,0,38.7
4090.44,17,3,0.61,1,9,1.5,14,41,0,Electronics,Online,Med,1,66.0
133.48,15,6,0.09,1,15,12.5,57,41,0,General Retail,Contactless,Med,0,35.2
22.66,13,3,2.44,0,3,237.5,169,48,1,Grocery,Contactless,Med,0,63.9
108.11,20,2,3.5,0,3,28.4,96,36,0,Other,Swipe,Med,0,34.1
155.21,17,0,2.11,0,3,9.5,135,52,0,Grocery,Online,Med,1,29.8
42.37,14,3,2.13,0,1,31.9,97,60,0,Grocery,Contactless,Low,0,32.9
85.97,20,4,5.45,0,1,3.0,3,47,0,Gas,Online,High,1,58.8
45.17,6,4,0.36,2,8,0.3,56,50,0,General Retail,Contactless,High,0,32.8
795.94,20,5,0.2,3,22,8.1,57,45,0,Jewelry,Online,Med,1,65.3
12.87,20,5,0.78,1,21,1.6,2,45,0,Grocery,Contactless,High,0,42.2
200.93,9,3,0.11,3,12,9.7,34,34,0,Travel,Online,High,1,29.7
54.78,6,0,0.44,4,32,5.8,161,49,0,Grocery,Chip,Med,0,27.4
41.51,18,1,0.27,1,16,56.3,201,43,0,Gas,Contactless,Med,0,31.3
13.95,11,2,2.94,0,4,2.9,20,76,0,Restaurant,Contactless,Med,0,38.5
22.13,23,6,0.97,1,9,8.5,38,68,0,Restaurant,Swipe,Low,0,35.3
499.78,0,5,0.21,3,13,19.1,116,50,0,Travel,Online,Low,1,48.8
52.0,10,6,0.22,4,17,465.9,139,33,0,Grocery,Chip,Med,0,29.2
57.22,2,6,0.45,3,28,38.5,17,28,0,Grocery,Online,Med,1,56.9
88.51,19,0,0.79,1,23,2145.9,177,62,0,Grocery,Contactless,Med,0,34.7
303.16,16,0,0.02,21,28,808.8,24,48,0,Travel,Online,Med,1,65.8
272.51,20,4,0.04,1,7,629.8,97,52,1,Other,Contactless,Med,0,86.2
250.17,21,1,0.69,1,8,42.1,0,18,0,Jewelry,Chip,Med,0,52.2
461.74,16,6,4.39,0,1,9.2,172,58,0,General Retail,Swipe,Low,0,24.3
213.05,10,3,1.43,0,4,17.3,143,51,0,Other,Swipe,Med,0,24.9
36.22,7,0,0.02,14,26,4.5,7,28,0,Gas,Contactless,Low,0,65.0
39.65,21,1,1.3,0,10,49.9,3,37,0,Grocery,Chip,Low,0,35.0
90.0,10,2,0.02,1,5,626.9,116,48,1,General Retail,Chip,Low,0,76.9
53.06,21,0,7.04,0,0,526.1,1,45,0,Gas,Chip,Low,0,40.5
73.15,21,2,1.36,0,1,2.0,3,40,0,Restaurant,Contactless,Low,0,30.7
13.54,18,3,20.65,0,0,7.2,80,43,0,Restaurant,Contactless,Med,0,34.5
57.18,16,6,0.83,2,15,29.1,152,41,0,Gas,Contactless,Med,0,21.4
9.9,22,4,4.52,0,3,1.8,94,47,0,General Retail,Contactless,Low,0,35.5
38.22,20,0,0.14,1,3,591.1,188,67,0,Restaurant,Chip,High,0,33.8
141.51,18,2,0.32,2,20,17.3,0,18,0,Grocery,Chip,Med,0,38.0
108.72,13,5,1.68,0,5,1.6,85,41,0,Electronics,Online,High,1,68.4
148.96,15,2,0.03,19,42,27.5,3,47,0,Jewelry,Swipe,Med,0,65.0
55.23,12,3,4.09,0,3,42.3,1,49,0,Grocery,Online,Low,1,60.7
159.92,23,6,9.03,0,0,12.5,152,39,0,Grocery,Online,High,1,23.6
80.19,17,0,27.6,0,0,2.1,0,18,0,Grocery,Contactless,High,0,45.8
15.95,19,3,30.0,0,0,10.8,85,49,0,Grocery,Chip,Med,0,36.3
18.42,6,4,0.49,2,25,17.3,2,70,0,Grocery,Chip,Med,0,41.7
58.61,21,5,0.69,2,32,52.8,31,21,0,Grocery,Online,Med,1,33.3
114.18,13,5,0.96,1,13,2.5,174,57,0,Electronics,Online,Med,1,50.2
373.2,19,2,0.79,2,15,0.0,133,40,0,Electronics,Online,Med,1,59.2
505.96,2,3,0.29,3,42,3.1,58,44,0,Travel,Online,Med,1,78.1
46.44,22,5,0.47,2,9,8.9,65,29,0,General Retail,Online,Low,1,32.4
2048.8,17,5,0.06,3,19,0.8,227,39,1,Travel,Online,Low,1,53.7
640.3,14,5,0.59,3,29,5.6,171,64,0,Travel,Online,Low,1,31.2
854.28,12,4,2.24,0,2,6.5,210,53,0,Electronics,Swipe,Low,0,34.0
1007.08,10,1,8.32,0,0,428.0,160,70,0,Travel,Chip,Med,0,56.7
429.75,11,2,0.03,13,49,8.6,100,62,0,Travel,Online,High,1,52.5
241.01,10,4,0.2,3,18,5.6,90,51,0,Electronics,Contactless,Low,0,45.5
64.07,14,1,0.44,1,11,3.5,109,71,0,General Retail,Chip,Med,0,43.7
74.5,14,4,1.13,0,5,9.2,79,51,0,Grocery,Contactless,Low,0,35.2
36.04,13,3,9.83,0,0,20.7,182,57,0,Grocery,Chip,Med,0,22.4
134.92,19,3,0.24,4,17,334.9,3,40,0,Restaurant,Swipe,Med,0,47.0
33.87,13,2,0.18,2,6,15.5,153,45,0,Grocery,Contactless,Med,0,20.6
74.61,8,5,0.04,1,10,413.5,89,34,1,Grocery,Chip,High,0,73.9
55.92,20,3,8.22,0,0,1.4,220,59,0,Grocery,Chip,High,0,24.8
47.29,13,2,0.98,1,13,8.0,49,27,0,Gas,Contactless,High,0,38.1
725.13,17,2,5.1,0,3,2.2,171,56,0,Other,Online,High,1,21.6
26.62,22,3,0.12,1,13,37.2,139,42,0,Restaurant,Chip,Med,0,26.7
42.49,19,4,0.49,3,18,27.8,126,62,0,Gas,Chip,Med,0,25.7
22.48,17,6,0.82,1,2,34.7,126,56,0,Restaurant,Chip,Med,0,16.9
48.79,15,2,0.11,5,19,10.1,47,72,0,Gas,Online,Med,1,41.1
462.97,20,1,0.19,3,17,7.9,34,55,0,Jewelry,Chip,Low,0,44.5
25.54,20,6,0.84,1,3,1968.4,19,21,0,General Retail,Online,Low,1,47.8
36.31,9,1,0.04,2,9,15.5,94,43,0,Grocery,Chip,Low,0,46.3
151.69,16,6,0.82,1,3,16.3,49,27,0,General Retail,Contactless,Med,0,37.7
107.22,21,0,0.59,1,6,21.9,106,37,0,Grocery,Contactless,Med,0,35.4
515.0,19,2,0.71,1,11,6.3,195,67,0,Jewelry,Contactless,Low,0,39.1
74.25,8,6,0.43,1,6,32.3,169,54,0,Other,Contactless,Med,0,21.4
48.79,13,1,0.06,2,12,36.1,17,34,0,Other,Contactless,Med,0,45.6
39.68,15,1,0.03,17,37,4.6,34,29,0,Grocery,Chip,Med,0,53.7
152.54,10,4,0.17,1,11,12.4,154,45,1,Travel,Online,Low,1,55.3
83.28,18,1,0.02,13,15,19.0,46,26,1,Travel,Online,Low,1,98.1
175.37,15,0,12.07,0,0,12.7,3,34,0,Electronics,Chip,Med,0,48.3
68.91,11,4,1.48,0,6,80.0,128,49,0,Gas,Online,Med,1,31.3
31.76,13,6,2.39,0,1,89.8,143,62,0,Restaurant,Chip,High,0,24.7
41.8,20,5,0.4,3,8,6.5,179,54,0,Gas,Contactless,Med,0,24.4
51.18,21,6,1.41,0,5,5.3,0,18,0,Grocery,Chip,High,0,26.3
1670.75,19,3,3.26,0,3,4.4,151,49,0,Jewelry,Chip,Med,0,37.6
18.44,22,4,0.71,3,25,4.9,1,46,0,Restaurant,Chip,Med,0,39.5
63.28,22,6,0.15,3,25,1.1,203,51,0,Gas,Chip,High,0,24.4
269.94,15,3,0.75,1,15,25.8,17,69,0,Electronics,Chip,Low,0,49.2
90.67,7,0,0.78,1,4,0.7,0,18,0,General Retail,Contactless,Med,0,38.2
77.76,19,1,0.22,2,5,573.3,156,36,0,Other,Swipe,Low,0,27.6
443.44,16,4,0.03,3,15,126.2,164,53,1,Travel,Contactless,Med,0,59.3
586.14,12,6,0.3,2,15,8.6,1,21,1,Electronics,Online,Low,1,100.0
408.49,23,4,0.1,5,25,27.6,104,67,0,Travel,Online,Med,1,41.0
170.92,12,2,0.05,2,27,14.7,177,50,0,Grocery,Contactless,Med,0,23.7
49.25,21,2,1.11,0,8,3.3,148,57,0,Grocery,Chip,Low,0,22.9
11.09,16,4,11.41,0,0,7.4,123,36,0,Other,Chip,Low,0,22.6
83.28,2,6,0.78,2,7,10.0,1,57,0,Grocery,Online,Med,1,67.5
43.2,21,1,0.06,9,61,24.3,158,61,0,Restaurant,Online,Low,1,40.3
87.67,19,3,2.27,0,2,3.5,152,48,0,General Retail,Online,Med,1,26.5
54.82,17,2,1.68,0,12,309.3,224,48,0,Grocery,Swipe,High,0,28.4
17.92,16,1,2.11,0,3,5.5,36,49,0,Gas,Contactless,Low,0,33.3
8.59,11,2,0.1,9,30,19.5,0,32,0,Restaurant,Chip,Med,0,58.8
127.3,9,0,0.05,9,18,15.7,0,42,0,Restaurant,Online,Med,1,77.0
306.77,9,3,1.11,0,3,36.5,113,42,0,Jewelry,Swipe,Low,0,49.9
89.63,9,0,0.54,2,7,5.9,0,50,0,Grocery,Swipe,Low,0,37.1
18.54,12,3,1.18,0,2,14.5,102,59,0,General Retail,Chip,Med,0,35.7
27.85,15,6,0.28,1,19,24.6,60,29,0,Grocery,Chip,Med,0,31.0
191.11,7,1,1.54,0,1,13.7,71,43,0,General Retail,Online,High,1,33.5
51.45,16,1,1.56,0,1,2789.6,210,67,0,Grocery,Contactless,Med,0,27.9
78.01,11,5,5.79,0,1,13.7,93,33,0,Grocery,Chip,Med,0,39.1
384.65,10,6,0.05,9,37,48.9,3,32,0,Electronics,Online,High,1,100.0
52.13,22,6,1.16,0,5,55.4,140,48,0,Gas,Contactless,High,0,20.7
259.75,23,0,0.08,2,26,5.3,31,57,0,Travel,Online,High,1,26.9
25.9,20,1,0.84,1,9,11.8,3,45,0,Gas,Contactless,Low,0,39.9
99.27,6,6,4.19,0,1,12.3,133,64,0,Gas,Swipe,High,0,28.3
106.02,18,3,10.4,0,0,22.8,161,57,0,Gas,Contactless,High,0,28.7
129.58,11,5,4.43,0,2,8.7,51,57,0,Electronics,Chip,Med,0,42.9
16.17,17,0,0.09,16,18,14.1,104,53,0,Restaurant,Contactless,Med,0,59.7
49.28,21,0,0.58,2,19,6.9,36,79,0,Gas,Chip,High,0,40.3
117.46,12,1,7.62,0,0,17.1,125,41,0,General Retail,Chip,Med,0,27.0
32.28,22,0,0.71,1,5,11.5,0,18,0,Restaurant,Contactless,Med,0,35.6
675.06,17,6,0.53,1,6,158.5,152,69,1,Travel,Contactless,Med,0,57.3
66.64,11,5,0.1,3,6,1.8,29,38,0,Other,Contactless,Med,0,45.3
76.23,6,2,1.79,0,1,14.4,213,46,0,General Retail,Online,Med,1,31.5
196.66,20,0,0.1,2,13,7.7,134,64,0,Restaurant,Online,Low,1,24.6
24.95,16,0,0.64,1,7,36.2,19,20,0,Restaurant,Chip,Med,0,38.8
360.84,6,1,0.81,1,10,3.4,23,26,0,Other,Chip,Med,0,29.2
336.02,7,5,0.96,1,14,31.0,22,20,0,General Retail,Chip,Med,0,42.8
76.32,23,5,0.68,5,21,1.6,1,33,0,Grocery,Chip,Med,0,41.0
12.04,10,3,0.01,15,15,1.0,132,51,0,Other,Chip,High,0,43.8
72.21,23,6,0.01,19,40,22.4,43,52,0,Other,Contactless,Med,0,53.2
25.15,19,6,1.7,0,13,3.5,0,49,0,Restaurant,Chip,Med,0,38.3
32.68,13,5,0.36,4,26,0.0,49,23,0,Restaurant,Contactless,Low,0,43.9
234.98,12,0,2.18,0,10,7.3,0,18,0,Jewelry,Online,Med,1,87.8
769.11,19,6,0.24,3,20,10.8,118,45,0,Electronics,Chip,High,0,57.3
216.67,13,6,0.23,1,3,4.3,95,37,0,General Retail,Online,Med,1,41.2
105.0,8,3,0.06,14,19,12.7,94,51,0,Restaurant,Chip,High,0,51.9
48.61,10,4,8.38,0,0,104.5,17,55,0,Gas,Contactless,High,0,36.4
16.72,21,5,0.21,7,22,194.4,2,47,1,Restaurant,Swipe,Med,0,68.2
69.13,18,4,0.44,1,19,31.5,90,56,0,Grocery,Chip,Med,0,41.4
2227.26,14,2,0.6,2,17,23.9,67,48,0,Travel,Online,Med,1,42.6
57.54,11,4,0.01,16,18,21.9,29,52,0,Grocery,Contactless,Med,0,62.5
45.19,16,5,0.21,1,7,18.5,5,34,0,Restaurant,Chip,Low,0,36.7
232.39,20,0,0.14,4,26,13.0,137,42,0,Electronics,Online,Low,1,53.1
22.07,8,4,0.09,11,17,0.5,188,47,0,Restaurant,Chip,Low,0,47.5
62.46,23,1,0.32,3,20,21.8,129,57,0,Gas,Contactless,Med,0,31.0
54.77,21,4,0.31,2,30,5.2,192,39,0,Other,Online,Low,1,19.9
71.49,12,0,1.14,0,13,1.8,214,52,0,Grocery,Chip,Med,0,27.3
521.05,20,6,0.06,3,35,61.1,219,41,0,Electronics,Chip,Med,0,28.8
68.94,18,4,0.69,2,25,1499.4,144,43,1,Grocery,Chip,Med,0,62.0
66.34,19,3,0.76,1,2,3.3,133,57,0,Restaurant,Contactless,High,0,19.6
37.8,8,3,3.72,0,3,423.8,0,18,1,General Retail,Contactless,Med,0,75.1
16.22,22,4,1.39,0,7,22.8,19,25,0,Restaurant,Chip,Low,0,32.2
96.32,14,0,2.6,0,12,12.8,16,22,0,General Retail,Online,High,1,33.3
64.12,20,3,1.8,0,9,2.7,0,18,0,Grocery,Chip,High,0,34.4
51.75,11,5,0.09,1,20,12.2,129,34,1,General Retail,Online,Med,1,59.0
64.33,12,1,0.05,4,28,0.4,67,56,0,Grocery,Contactless,Med,0,38.1
865.93,23,3,0.56,5,20,29.2,183,40,0,Travel,Online,Low,1,18.2
262.64,14,2,0.15,1,8,11.5,98,47,0,General Retail,Contactless,Med,0,49.0
282.88,3,1,3.51,0,4,12.0,60,61,0,General Retail,Online,Low,1,47.0
23.4,20,6,2.84,0,8,3.9,3,64,0,Grocery,Chip,Med,0,32.7
24.5,9,4,0.28,5,34,12.1,59,43,0,General Retail,Online,Low,1,40.3
64.55,21,2,0.19,3,23,10.5,125,65,0,General Retail,Online,Med,1,24.8
43.12,21,2,0.67,1,5,30.2,187,46,0,Gas,Chip,Low,0,21.5
412.04,9,4,1.83,0,1,5.2,145,32,0,Jewelry,Chip,Low,0,35.2
33.41,16,0,2.48,0,6,403.7,140,36,0,Grocery,Contactless,Low,0,28.7
45.13,23,3,7.13,0,0,133.0,10,22,1,Grocery,Contactless,Med,0,69.8
578.33,22,1,0.27,1,5,10.1,85,31,0,Travel,Online,Low,1,43.9
23.18,15,6,0.03,6,30,57.6,3,39,0,Grocery,Chip,Med,0,38.5
122.55,17,5,0.99,1,2,36.3,230,57,0,Gas,Chip,Med,0,27.3
590.44,16,5,0.53,3,15,13.2,126,70,0,Jewelry,Chip,Med,0,31.5
991.58,8,1,17.77,0,0,17.6,12,24,0,Travel,Contactless,Low,0,38.6
44.52,17,0,0.05,4,23,11.5,193,50,0,Grocery,Chip,High,0,21.7
79.89,12,3,0.04,13,21,21.5,77,29,0,Grocery,Contactless,Med,0,52.3
34.7,11,2,0.45,2,13,0.7,91,52,0,Restaurant,Online,Low,1,36.4
166.89,13,5,0.02,1,7,11.3,70,43,0,General Retail,Contactless,Low,0,35.2
27.73,21,4,2.56,0,1,0.6,0,18,0,Restaurant,Contactless,Low,0,42.2
371.16,10,2,0.01,1,11,63.4,132,58,0,General Retail,Chip,Med,0,27.1
88.55,9,1,16.76,0,0,1584.6,142,35,0,Travel,Contactless,Low,0,22.2
213.45,1,2,0.18,3,11,3.2,101,36,0,Other,Chip,High,0,55.9
40.45,8,3,0.93,2,22,3.9,103,28,0,Restaurant,Online,Med,1,40.6
24.68,23,1,0.37,2,16,8.8,110,35,0,Grocery,Contactless,Low,0,42.6
104.8,13,2,0.05,3,22,18.2,180,51,0,Gas,Swipe,Med,0,24.1
159.13,10,1,1.29,0,8,337.8,37,42,0,Grocery,Chip,Low,0,38.6
6.8,22,0,2.22,0,1,5.4,70,49,0,Restaurant,Contactless,Low,0,32.7
386.91,9,4,1.28,0,6,7.8,147,50,0,Electronics,Contactless,Med,0,40.4
54.65,16,6,2.25,0,4,2.6,47,64,0,Restaurant,Contactless,Low,0,31.5
63.76,20,6,0.11,1,2,3.6,108,39,0,Grocery,Contactless,Low,0,32.2
423.23,19,6,1.29,0,4,4.4,5,22,0,General Retail,Swipe,High,0,36.3
258.82,9,4,1.68,0,2,205.7,154,61,1,Other,Chip,Med,0,58.9
77.11,18,5,0.03,10,15,36.8,15,40,0,Grocery,Chip,High,0,57.7
3178.74,17,0,0.64,2,25,19.8,103,61,0,Travel,Online,Low,1,40.4
904.85,18,1,14.44,0,0,19.1,149,50,0,Electronics,Online,High,1,52.9
28.43,12,4,1.89,0,9,8.4,1,43,0,Restaurant,Contactless,Med,0,35.5
43.76,20,6,0.99,1,12,1.1,132,50,0,General Retail,Chip,Low,0,26.0
110.93,17,6,0.04,1,3,12.6,23,74,0,Restaurant,Chip,High,0,45.1
30.41,18,4,0.04,3,16,1.5,0,76,0,Gas,Contactless,Low,0,32.3
27.21,22,0,0.47,1,9,0.0,96,46,0,Restaurant,Online,Med,1,42.5
55.54,20,6,0.79,1,25,4.0,166,47,0,Grocery,Contactless,High,0,28.0
784.73,19,2,1.8,0,5,1205.1,30,61,0,Jewelry,Chip,Med,0,79.4
277.27,11,0,0.03,13,15,26.9,123,32,0,Electronics,Online,Med,1,69.5
28.34,6,5,2.07,0,7,8.8,223,49,0,Gas,Chip,Med,0,26.2
223.04,16,1,0.13,2,7,1872.0,150,44,0,General Retail,Online,Low,1,27.5
48.18,5,2,0.12,6,43,1.5,1,49,0,Gas,Contactless,High,0,31.5
177.87,18,4,3.38,0,7,7.1,149,32,0,Grocery,Chip,Low,0,28.4
653.38,19,6,0.76,2,24,21.3,9,21,0,Jewelry,Online,Low,1,59.4
109.04,16,6,0.03,15,17,4.9,0,18,0,Grocery,Chip,Low,0,51.2
902.43,6,1,12.98,0,0,301.7,5,28,0,Travel,Chip,High,0,68.9
81.23,21,1,6.81,0,1,0.6,31,38,0,Gas,Swipe,Med,0,39.1
551.37,16,5,0.96,1,14,68.4,8,40,0,Electronics,Online,Med,1,62.4
52.08,17,2,0.08,2,12,42.2,102,74,0,Restaurant,Chip,High,0,35.1
73.08,17,0,0.93,2,24,28.0,228,61,0,Restaurant,Chip,Low,0,28.6
5000.0,3,4,0.22,5,39,6.3,40,30,0,Travel,Chip,High,0,74.1
57.23,18,4,8.63,0,0,0.7,3,50,0,General Retail,Contactless,Low,0,34.8
92.21,7,6,0.1,5,17,4.5,109,38,0,Grocery,Chip,Med,0,39.6
285.75,16,3,0.91,1,24,18.6,121,40,0,Electronics,Contactless,Low,0,33.8
63.81,10,5,0.67,2,15,859.9,69,47,0,Restaurant,Swipe,High,0,44.7
66.7,10,3,1.05,0,6,1.9,77,54,0,Grocery,Swipe,High,0,39.8
7.33,9,6,20.86,0,0,1.8,126,39,0,Restaurant,Online,Med,1,24.3
61.14,0,3,0.99,1,4,30.3,35,60,0,General Retail,Online,Low,1,52.4
191.13,21,4,0.04,13,13,7.8,3,27,0,General Retail,Contactless,Low,0,49.9
165.74,19,6,1.14,0,14,7.5,43,45,0,Electronics,Chip,Med,0,51.8
203.88,4,6,13.36,0,0,10.3,155,83,0,General Retail,Contactless,Med,0,32.1
44.94,6,2,0.98,1,8,479.9,75,48,0,Gas,Chip,Low,0,38.1
44.46,19,3,0.81,1,4,34.3,2,66,0,Gas,Swipe,Med,0,34.8
99.1,4,4,0.16,2,17,60.7,0,46,0,Grocery,Swipe,Med,0,47.6
946.48,14,0,1.05,0,6,40.4,200,53,0,Travel,Online,High,1,21.9
72.29,8,1,0.49,2,8,11.5,87,44,0,Grocery,Chip,Med,0,34.1
223.13,16,4,0.41,2,19,13.9,145,42,0,General Retail,Chip,Med,0,28.8
103.09,23,0,0.25,1,25,15.3,33,33,0,General Retail,Chip,Med,0,34.5
76.6,7,4,4.6,0,2,12.6,56,51,0,Travel,Swipe,Low,0,29.0
43.02,22,3,1.33,0,1,174.8,38,32,0,Grocery,Chip,Med,0,36.6
17.02,21,3,0.07,5,20,17.9,81,54,0,Grocery,Contactless,Med,0,46.2
117.52,23,5,5.33,0,2,26.8,1,61,1,Other,Online,Low,1,88.7
199.15,19,1,0.42,2,7,10.9,86,50,0,General Retail,Chip,Med,0,34.4
88.47,21,5,0.52,3,30,201.4,95,40,0,Restaurant,Online,High,1,43.0
668.41,15,5,0.87,1,4,11.4,70,51,0,Travel,Chip,Med,0,44.2
184.27,21,6,2.12,0,2,55.4,0,40,0,Other,Online,Med,1,58.6
25.55,7,5,0.39,1,6,19.0,56,59,0,Gas,Chip,Med,0,33.9
62.86,18,3,0.4,2,7,17.3,0,18,0,Other,Chip,Med,0,39.5
19.07,17,2,3.28,0,5,719.8,5,39,1,Grocery,Contactless,Low,0,78.8
57.72,6,5,0.28,5,28,2.9,0,18,0,Other,Swipe,High,0,39.9
185.57,11,6,0.25,1,7,1.9,25,22,0,Grocery,Chip,High,0,33.8
64.67,10,1,0.4,3,9,1816.3,51,65,1,Gas,Contactless,Low,0,75.3
73.59,13,2,1.19,0,8,35.5,30,58,0,Grocery,Contactless,Low,0,42.5
280.24,11,3,0.96,1,12,3.2,17,34,0,Electronics,Swipe,Med,0,48.4
25.92,10,0,0.02,20,47,34.7,22,22,0,Other,Online,Med,1,58.8
51.73,11,2,0.24,2,12,9.4,0,18,0,Gas,Swipe,Med,0,37.8
85.11,18,1,0.35,2,13,28.1,1,36,0,Restaurant,Chip,Med,0,42.2
56.55,8,5,0.07,1,4,15.3,3,81,0,Gas,Chip,Med,0,39.2
19.62,10,3,1.03,0,7,583.9,201,51,0,Grocery,Chip,Med,0,29.3
403.58,10,4,0.17,4,45,23.5,117,36,0,Travel,Contactless,Low,0,41.0
13.8,14,0,3.4,0,2,6.9,191,51,0,Grocery,Contactless,Low,0,21.3
156.44,5,4,0.01,14,28,1.3,33,21,0,Other,Contactless,Med,0,61.8
41.31,23,5,1.06,0,5,489.8,3,40,0,Other,Contactless,High,0,48.6
24.84,11,4,0.21,2,6,8.0,163,46,0,Grocery,Chip,Med,0,23.6
184.88,11,5,0.72,2,7,14.3,85,43,0,General Retail,Chip,Med,0,37.3
144.52,15,0,0.02,11,39,447.3,91,56,0,Other,Swipe,High,0,62.7
406.77,20,3,0.29,3,11,4.3,227,50,0,Electronics,Chip,Med,0,32.9
3736.78,14,3,0.8,1,8,9.2,88,55,1,Jewelry,Online,Med,1,100.0
72.3,11,6,0.59,1,4,7.2,113,34,0,Grocery,Contactless,Low,0,35.8
36.17,16,4,0.72,1,16,364.2,89,58,0,Grocery,Chip,Med,0,38.6
687.8,14,6,0.43,5,31,10.0,3,69,0,Travel,Online,Med,1,59.0
29.86,15,0,0.22,8,32,19.6,120,30,0,Restaurant,Swipe,Med,0,41.0
1702.36,21,3,4.13,0,3,1030.6,134,31,0,Jewelry,Contactless,Med,0,70.7
548.5,23,4,1.09,0,6,8.8,85,65,1,Travel,Online,Med,1,71.5
42.8,17,0,0.81,1,1,654.8,0,42,0,Restaurant,Chip,Low,0,42.1
25.41,7,4,2.01,0,2,14.7,160,66,0,Grocery,Swipe,High,0,24.6
33.71,16,1,12.75,0,0,217.7,169,38,0,Restaurant,Online,Low,1,28.8
313.71,23,0,0.97,1,8,4.3,94,66,0,Electronics,Online,Med,1,55.2
17.16,22,4,3.52,0,2,18.6,148,46,0,Restaurant,Online,Med,1,21.4
41.43,10,2,0.61,1,21,9.6,53,48,0,Grocery,Contactless,Low,0,40.0
108.23,9,2,0.57,3,22,12.4,117,68,0,Other,Online,Med,1,36.9
502.74,10,2,0.03,14,38,16.2,121,39,0,Jewelry,Chip,Low,0,50.0
22.22,20,4,12.51,0,0,1.6,27,30,0,General Retail,Contactless,Med,0,42.4
304.51,15,4,0.07,3,10,17.2,54,38,0,Electronics,Chip,High,0,42.9
26.05,13,4,0.54,1,10,19.5,78,51,0,Restaurant,Chip,Med,0,34.5
100.24,11,5,0.19,3,24,10.9,4,21,0,Other,Chip,High,0,39.3
310.07,12,4,2.57,0,4,14.6,44,54,0,Electronics,Chip,Low,0,44.0
40.71,21,0,0.09,2,11,38.6,70,36,0,Gas,Chip,Med,0,35.1
31.14,15,1,0.07,10,10,35.7,100,62,0,Restaurant,Contactless,High,0,61.8
58.18,10,6,5.14,0,2,17.9,0,18,0,Gas,Contactless,High,0,33.7
1314.96,18,2,10.92,0,0,1089.4,0,33,0,Jewelry,Chip,Med,0,76.9
110.76,17,2,0.14,5,34,3265.8,6,19,0,General Retail,Contactless,Med,0,46.4
387.64,19,2,1.63,0,9,28.6,16,32,0,General Retail,Online,High,1,37.8
217.39,20,6,1.8,0,10,19.5,235,48,0,Other,Chip,Med,0,19.3
113.68,9,5,0.01,15,19,24.4,65,42,0,Restaurant,Contactless,Med,0,62.7
1341.02,0,3,0.01,6,22,20.8,117,41,1,Travel,Contactless,Low,0,100.0
1905.07,3,4,0.82,1,6,13.8,176,42,0,Jewelry,Online,Low,1,87.6
28.42,18,3,0.02,14,16,12.4,107,48,0,General Retail,Swipe,Med,0,57.3
83.78,22,4,0.11,4,20,31.9,118,29,0,Grocery,Contactless,Med,0,46.6
1421.32,13,6,0.65,1,10,26.1,122,55,0,Jewelry,Contactless,Low,0,32.0
279.35,20,4,0.09,4,16,5.3,39,54,0,General Retail,Online,Low,1,34.3
33.33,18,0,0.31,2,11,29.3,129,50,0,Grocery,Chip,Med,0,26.8
784.28,23,3,0.4,1,17,70.4,173,53,0,Travel,Online,Med,1,33.2
39.15,16,5,1.2,0,6,13.2,26,49,0,Restaurant,Chip,Med,0,38.5
147.85,10,0,1.7,0,5,2007.7,232,75,0,Restaurant,Chip,Med,0,30.3
82.37,18,2,1.38,0,5,9.4,110,43,0,Electronics,Chip,Low,0,48.4
24.52,21,1,0.48,3,28,2470.9,107,40,0,Restaurant,Contactless,High,0,36.3
15.22,18,5,0.92,1,19,3.9,0,33,0,General Retail,Online,Med,1,57.5
84.84,20,0,0.45,2,19,2.1,41,29,0,General Retail,Chip,Low,0,30.7
239.57,13,4,8.66,0,0,9.2,56,26,0,Grocery,Chip,Med,0,36.6
35.79,19,0,0.48,2,15,52.4,95,31,0,Restaurant,Chip,Med,0,35.9
49.98,10,6,3.57,0,2,15.1,76,43,0,Gas,Chip,Med,0,27.4
78.65,14,2,0.86,2,23,24.6,39,50,0,Grocery,Contactless,Med,0,38.7
525.41,12,2,2.95,0,2,21.5,125,45,0,Jewelry,Chip,Med,0,36.1
69.77,9,5,0.53,3,5,6.4,8,33,1,Grocery,Contactless,Med,0,70.2
90.15,2,2,0.42,1,9,19.9,193,58,0,Other,Online,Low,1,29.7
19.62,19,0,0.21,3,14,3.6,9,56,0,Restaurant,Chip,Med,0,43.1
40.22,21,6,0.24,2,7,1.1,187,42,0,Gas,Contactless,Low,0,32.4
147.0,11,0,0.08,6,16,3.8,49,35,0,Other,Online,Med,1,39.6
205.37,13,3,0.34,3,40,16.4,189,53,0,General Retail,Online,Med,1,23.4
291.85,0,0,0.16,1,7,8.1,33,47,0,General Retail,Chip,Med,0,47.6
671.08,14,4,0.02,2,16,10.9,5,23,0,Jewelry,Contactless,Low,0,48.5
454.55,10,1,0.09,3,7,10.2,117,43,0,Electronics,Online,Med,1,64.8
89.56,16,6,0.83,1,7,82.8,161,48,0,Grocery,Contactless,Med,0,26.5
37.36,22,1,0.6,2,16,23.2,121,31,0,Grocery,Online,Med,1,26.6
37.07,14,4,2.72,0,1,16.0,1,47,0,Other,Contactless,Med,0,35.0
44.12,17,0,0.28,3,10,59.2,14,23,0,Grocery,Contactless,Low,0,34.7
196.23,18,0,15.97,0,0,10.6,29,65,0,Jewelry,Contactless,Med,0,45.7
125.11,8,1,0.08,4,27,17.0,0,63,0,General Retail,Online,Med,1,61.9
230.28,12,6,0.06,8,26,29.1,5,41,0,General Retail,Chip,Med,0,31.8
186.13,6,6,1.17,0,7,0.5,63,50,1,Travel,Online,Low,1,70.1
127.63,13,4,0.93,1,17,1.1,0,18,0,Other,Contactless,High,0,37.9
43.12,21,2,0.39,2,26,16.9,4,27,0,Grocery,Chip,High,0,36.1
38.18,14,2,0.48,1,12,1.8,126,40,0,General Retail,Contactless,High,0,30.4
2895.73,14,1,1.23,0,2,6.8,58,28,0,Jewelry,Chip,Low,0,51.7
32.15,10,2,0.51,1,13,42.4,119,55,0,Gas,Swipe,Med,0,39.7
90.78,11,3,1.34,0,1,43.6,21,74,1,Electronics,Online,Low,1,100.0
51.29,22,4,3.41,0,2,413.1,36,27,0,Restaurant,Chip,High,0,48.1
65.49,11,1,0.02,6,35,10.0,111,32,0,Grocery,Chip,Med,0,38.5
523.4,19,0,0.84,3,18,13.3,1,48,0,Electronics,Online,Low,1,84.5
517.87,6,3,0.06,8,47,34.6,3,69,0,Other,Chip,Med,0,36.4
39.16,9,1,0.56,4,20,542.0,46,26,0,Grocery,Chip,High,0,46.1
286.08,11,2,2.13,0,6,1745.5,164,48,0,Travel,Online,High,1,29.9
156.5,21,4,0.9,1,6,10.9,173,72,0,Grocery,Chip,Med,0,18.7
101.27,9,6,0.03,3,23,8.2,20,20,0,Grocery,Online,Med,1,36.5
66.1,18,3,0.44,2,17,19.0,26,25,0,Gas,Contactless,Med,0,42.1
229.0,11,6,0.04,13,31,340.7,105,38,1,Electronics,Chip,High,0,93.7
114.34,16,1,0.61,2,8,738.6,36,37,0,Grocery,Chip,Med,0,50.2
92.7,16,4,1.07,0,17,4239.7,101,57,0,Grocery,Chip,Med,0,46.9
502.86,16,6,0.03,7,59,6.8,227,48,0,Travel,Chip,Med,0,23.9
28.16,10,1,0.37,3,7,41.9,0,18,0,Restaurant,Online,High,1,61.2
51.29,9,5,0.03,5,21,7.5,215,52,0,Grocery,Contactless,Low,0,28.6
92.81,21,3,0.28,5,21,1639.3,18,36,0,Gas,Contactless,Med,0,44.7
129.25,16,6,9.92,0,0,54.5,30,64,0,Travel,Online,Low,1,41.8
39.76,10,2,0.02,11,17,40.1,134,35,0,General Retail,Contactless,Med,0,45.8
231.33,12,6,0.26,2,8,7.6,143,35,1,Travel,Chip,Med,0,58.5
36.64,7,5,0.04,3,27,362.6,185,53,0,Grocery,Contactless,Low,0,27.0
36.57,16,4,4.44,0,2,231.7,1,56,1,Restaurant,Contactless,Med,0,77.2
908.35,13,0,0.17,1,7,26.3,84,51,1,Travel,Online,Low,1,62.8
68.12,8,0,0.27,2,13,386.3,2,19,1,Gas,Contactless,High,0,79.4
67.52,14,4,2.09,0,1,0.2,2,53,0,Grocery,Contactless,High,0,36.3
45.54,18,3,0.1,5,20,21.0,126,29,0,Restaurant,Swipe,Med,0,22.3
59.08,22,2,2.8,0,7,1.5,4,48,0,Restaurant,Chip,Med,0,40.6
16.04,18,5,0.16,4,28,8.9,51,23,0,Grocery,Contactless,Low,0,32.9
241.19,14,3,0.62,2,16,4.3,114,51,0,Other,Chip,High,0,38.4
38.77,20,3,0.01,16,23,3.5,63,32,0,General Retail,Online,Med,1,54.2
48.52,11,2,0.04,11,31,13.9,47,25,0,General Retail,Contactless,Low,0,54.9
80.97,17,6,0.35,6,24,26.1,4,55,0,Grocery,Chip,High,0,39.1
68.84,0,2,1.99,0,9,10.0,178,48,0,General Retail,Online,Low,1,43.1
134.99,4,1,0.1,1,8,23.6,104,35,0,General Retail,Online,Med,1,50.6
70.18,16,4,0.44,4,18,13.1,4,66,0,Other,Chip,Low,0,43.4
29.78,11,0,0.22,3,36,15.3,221,38,0,Restaurant,Swipe,Med,0,30.4
1561.36,18,4,0.22,2,20,5.9,102,45,0,Travel,Online,Low,1,41.1
55.43,17,3,4.02,0,3,107.7,183,49,0,Gas,Chip,Low,0,17.4
113.26,3,1,0.39,5,46,43.0,149,35,0,General Retail,Online,Med,1,34.8
165.1,13,5,0.19,2,14,12.1,35,52,0,Other,Contactless,High,0,33.6
37.84,17,0,2.34,0,4,11.1,59,36,0,General Retail,Online,Low,1,49.5
3683.37,18,6,0.27,2,30,0.2,217,38,0,Jewelry,Swipe,Med,0,29.6
123.99,20,5,0.01,19,43,7.0,76,65,0,Electronics,Online,Med,1,76.0
92.5,12,1,0.31,3,23,36.6,65,29,0,Other,Contactless,High,0,26.9
39.72,20,3,1.39,0,5,32.7,0,18,0,Grocery,Chip,Low,0,33.9
44.54,12,1,0.05,3,11,9.1,147,69,0,Grocery,Chip,Med,0,25.3
65.15,0,4,15.34,0,0,0.9,61,83,0,General Retail,Online,High,1,53.3
32.36,16,2,1.03,0,15,41.9,183,38,0,Other,Contactless,Med,0,20.5
262.85,10,3,0.12,4,11,4.9,0,18,1,General Retail,Online,Med,1,97.7
17.69,7,6,0.07,1,14,3.4,146,40,0,Restaurant,Online,High,1,24.5
216.38,10,4,1.49,0,5,56.4,171,40,0,General Retail,Contactless,Med,0,22.9
83.84,20,6,0.22,2,14,11.4,118,42,0,Grocery,Chip,Med,0,38.7
42.94,21,4,10.43,0,0,28.4,42,28,0,Grocery,Chip,Med,0,43.7
91.75,22,3,0.25,4,23,28.9,24,53,0,Grocery,Contactless,High,0,38.2
58.57,11,0,5.05,0,4,39.5,180,52,0,Grocery,Chip,High,0,20.4
147.57,14,0,0.65,1,11,3.4,36,22,0,Travel,Online,Med,1,39.7
16.33,20,3,29.65,0,0,8.2,225,55,0,Restaurant,Chip,Med,0,26.4
84.21,12,3,0.42,1,15,0.9,145,75,0,Grocery,Contactless,Med,0,24.0
131.21,12,3,5.79,0,2,16.7,38,47,0,General Retail,Online,Low,1,42.1
38.6,12,5,0.11,4,17,215.9,202,39,0,Restaurant,Chip,Low,0,22.2
24.0,17,0,0.59,1,14,15.8,79,42,0,Restaurant,Swipe,Low,0,39.4
38.7,17,4,0.5,1,14,1107.9,67,54,0,Gas,Contactless,Low,0,47.7
44.51,11,5,0.99,1,6,26.1,7,19,1,Grocery,Online,Med,1,65.2
114.3,9,4,0.2,1,2,307.5,54,47,1,Jewelry,Contactless,Low,0,80.5
49.79,18,1,0.9,1,10,9.8,148,39,0,Grocery,Swipe,Low,0,28.8
77.24,17,2,3.1,0,4,628.7,0,72,0,Grocery,Chip,Med,0,49.3
50.0,10,0,1.67,0,4,5.4,192,42,0,Grocery,Contactless,Low,0,30.2
121.33,13,1,2.2,0,3,5.7,156,70,0,Restaurant,Chip,Low,0,22.0
24.91,22,5,0.3,2,16,9.4,4,28,0,Grocery,Chip,Low,0,38.8
19.61,17,4,0.29,4,21,10.9,172,53,1,Restaurant,Online,Low,1,59.1
50.62,16,6,0.99,1,3,24.0,83,49,0,Gas,Contactless,Med,0,31.2
64.44,17,4,0.57,2,19,177.4,4,31,1,Grocery,Contactless,Med,0,71.6
70.35,23,1,8.92,0,0,40.2,83,47,0,Electronics,Online,High,1,65.0
61.09,12,5,1.56,0,5,17.7,154,63,0,Gas,Chip,Med,0,27.8
64.63,11,4,0.72,1,8,497.8,91,40,0,Grocery,Chip,Med,0,42.3
13.39,12,1,0.18,1,7,4.8,5,19,0,General Retail,Contactless,High,0,43.0
50.98,19,0,0.08,2,10,16.3,91,44,0,Grocery,Chip,Med,0,38.3
194.83,7,5,0.86,1,10,59.1,46,31,0,Travel,Online,Med,1,44.8
40.96,10,5,1.1,0,1,2478.3,146,39,1,Grocery,Chip,Med,0,67.4
13.56,11,0,0.08,2,22,156.2,144,43,0,Restaurant,Chip,Med,0,25.9
106.13,17,3,0.03,14,14,141.1,5,19,0,Other,Contactless,Med,0,50.9
150.39,17,6,0.15,4,18,1.2,13,20,0,Grocery,Swipe,Low,0,32.7
65.34,13,5,0.14,4,24,1.7,10,52,0,Grocery,Chip,Med,0,44.4
9.51,10,5,0.43,1,18,14.7,89,37,0,General Retail,Online,Low,1,41.5
93.14,19,2,0.04,9,11,21.3,0,18,0,Other,Chip,Med,0,54.5
37.73,2,0,0.84,1,8,40.5,64,56,0,Restaurant,Swipe,High,0,47.3
29.87,19,2,3.57,0,6,28.1,60,49,0,General Retail,Online,Med,1,38.9
60.22,10,4,0.57,1,4,315.7,129,34,0,Grocery,Chip,Low,0,26.0
196.06,21,5,0.17,3,17,2171.2,21,25,1,General Retail,Swipe,Med,0,75.7
36.74,13,4,6.39,0,1,59.7,20,57,0,Gas,Chip,Med,0,40.5
21.04,17,0,0.73,1,1,16.3,4,50,0,General Retail,Online,High,1,63.0
14.88,8,4,0.54,3,12,15.3,4,80,0,Grocery,Chip,Med,0,36.5
45.16,10,1,0.69,1,11,7.4,60,51,0,General Retail,Online,Med,1,44.4
45.11,18,4,0.52,1,4,19.9,116,50,0,Gas,Contactless,Med,0,42.2
374.06,16,2,4.81,0,1,51.3,219,42,0,Jewelry,Chip,Med,0,30.5
219.45,20,3,0.07,5,27,17.7,237,57,0,Travel,Online,Med,1,19.7
478.64,16,4,0.07,4,12,5.1,189,54,0,Electronics,Contactless,Low,0,36.0
96.74,16,4,0.45,1,12,18.0,226,63,0,Other,Chip,Low,0,23.0
37.39,21,0,0.76,3,15,1015.0,114,37,0,Restaurant,Contactless,Low,0,42.0
1161.01,14,6,0.86,1,16,1446.5,228,38,0,Jewelry,Chip,Med,0,67.5
42.36,21,4,0.96,1,20,277.5,42,37,0,Grocery,Contactless,High,0,47.5
23.43,12,3,0.3,4,17,9.4,205,56,0,Other,Contactless,Med,0,28.0
51.75,12,2,1.77,0,3,381.2,3,67,0,General Retail,Chip,Med,0,44.8
28.02,20,0,0.16,5,25,0.8,4,38,0,Restaurant,Swipe,High,0,28.8
6.91,1,4,0.38,1,8,2.7,114,38,0,Restaurant,Contactless,Low,0,52.8
217.61,8,2,1.12,0,4,33.5,51,49,1,Travel,Online,Low,1,67.8
1052.55,4,6,0.14,4,18,9.7,27,41,1,Electronics,Online,High,1,100.0
800.61,15,4,1.31,0,4,5.9,4,59,0,Electronics,Contactless,High,0,46.3
139.99,17,3,0.58,4,19,13.4,0,18,0,General Retail,Contactless,Med,0,47.0
35.53,0,0,0.06,4,18,19.2,54,32,0,Restaurant,Contactless,Low,0,57.2
351.75,9,3,0.43,1,3,16.9,20,33,0,Other,Contactless,High,0,36.2
31.05,11,5,0.72,3,14,5.7,0,18,0,General Retail,Online,Med,1,54.6
33.99,11,3,0.14,4,10,84.1,133,30,0,General Retail,Contactless,Med,0,19.7
215.18,7,4,0.08,1,14,5.6,31,31,0,General Retail,Contactless,Low,0,39.1
87.26,8,0,1.02,0,10,6.3,152,41,0,General Retail,Online,Med,1,22.6
386.85,20,2,0.05,1,10,9.1,21,61,0,Jewelry,Contactless,High,0,42.4
169.44,18,5,0.13,4,26,39.4,0,41,0,General Retail,Chip,High,0,35.9
222.4,12,2,1.33,0,5,14.3,55,29,0,Electronics,Swipe,Med,0,48.6
155.29,12,6,9.14,0,0,3.5,75,44,0,Electronics,Chip,Med,0,46.5
19.33,8,2,0.31,1,13,8.3,2,60,0,Restaurant,Contactless,Med,0,36.1
67.78,12,5,2.9,0,1,4.2,95,30,0,Grocery,Contactless,Med,0,36.6
103.36,13,4,0.27,3,19,779.1,85,31,0,General Retail,Online,Med,1,44.0
312.4,21,6,1.51,0,5,5000.0,159,53,0,General Retail,Chip,Low,0,32.3
56.14,19,3,0.03,9,18,1.1,69,41,0,General Retail,Online,Low,1,56.7
250.3,15,3,4.25,0,1,6.2,133,54,0,Electronics,Chip,Med,0,27.0
121.98,9,2,0.01,6,21,19.3,90,44,0,Grocery,Contactless,Low,0,38.7
61.94,17,4,0.48,1,10,33.3,191,55,0,Gas,Contactless,Low,0,23.4
443.64,22,6,5.91,0,2,7.6,53,29,0,Electronics,Online,High,1,60.3
14.69,7,1,0.14,1,10,598.0,213,44,1,Other,Chip,Med,0,62.9
17.51,21,6,1.47,0,6,29.7,113,41,0,Restaurant,Swipe,Low,0,42.6
27.72,9,6,0.4,2,5,20.6,27,26,0,Grocery,Chip,Med,0,41.2
38.03,19,5,0.15,3,29,506.3,16,21,0,Restaurant,Contactless,Med,0,45.0
25.27,11,4,0.75,1,24,9.7,43,55,0,Restaurant,Contactless,Med,0,34.4
389.71,16,6,0.02,3,5,2.2,1,39,0,General Retail,Contactless,Med,0,32.6
25.6,10,1,0.76,1,2,2.6,37,29,0,Gas,Chip,Med,0,34.2
26.24,15,4,0.13,4,23,8.6,85,43,0,Gas,Chip,Low,0,38.0
714.06,16,5,0.03,11,29,26.3,152,61,0,Jewelry,Online,Med,1,68.9
121.36,17,5,0.5,1,9,28.8,0,18,0,General Retail,Online,Low,1,57.4
64.33,17,4,0.11,2,17,5.5,5,22,0,Jewelry,Chip,Med,0,50.3
8.76,4,2,0.01,11,22,4.1,120,31,0,Restaurant,Online,Low,1,68.1
26.42,18,6,0.09,4,10,33.0,75,66,0,Restaurant,Online,Low,1,27.4
89.0,8,4,1.05,0,5,20.2,112,49,0,Restaurant,Online,Low,1,38.4
545.54,17,5,1.35,0,8,1.9,87,56,0,Other,Contactless,High,0,41.0
23.59,9,4,0.33,2,11,242.4,9,27,0,Restaurant,Contactless,Low,0,45.4
62.88,14,6,3.8,0,2,16.0,15,28,0,General Retail,Online,Low,1,40.3
33.39,12,3,6.59,0,1,34.7,113,51,0,General Retail,Chip,Low,0,36.9
583.46,21,3,1.0,1,9,2.2,201,45,0,Electronics,Swipe,Med,0,33.3
116.43,18,5,0.66,2,8,34.0,29,53,0,Restaurant,Contactless,Med,0,37.8
111.99,9,3,0.34,2,7,582.7,4,42,0,Restaurant,Contactless,High,0,45.3
321.5,18,1,0.08,5,21,6.2,129,49,0,Electronics,Chip,Med,0,31.3
31.89,10,5,0.19,3,17,207.2,2,47,0,Grocery,Swipe,Med,0,49.0
85.66,11,2,0.37,3,23,188.3,155,56,0,General Retail,Chip,Med,0,30.5
90.67,14,0,10.47,0,0,0.8,29,57,0,Restaurant,Contactless,Low,0,35.9
55.34,20,2,0.61,5,20,766.1,10,20,0,Other,Online,High,1,39.9
88.33,22,0,0.48,4,32,160.8,0,18,1,Travel,Chip,High,0,65.6
37.87,21,6,0.37,1,9,17.2,145,60,0,Grocery,Chip,Low,0,26.4
256.72,8,6,0.07,5,14,8.3,190,62,0,Electronics,Online,Med,1,53.6
107.3,3,1,0.14,3,34,16.1,65,29,0,Jewelry,Online,Low,1,77.0
105.96,20,6,0.12,2,10,18.6,0,18,0,General Retail,Chip,Med,0,40.0
58.77,11,4,0.81,1,1,93.0,87,46,0,Gas,Chip,Med,0,35.7
217.41,16,6,3.42,0,3,0.2,4,58,0,Grocery,Contactless,High,0,30.0
23.97,23,1,0.13,1,9,16.8,110,71,0,General Retail,Chip,Med,0,36.0
64.0,11,0,18.73,0,0,611.6,78,52,0,Restaurant,Contactless,Med,0,51.2
787.8,12,6,0.79,1,4,11.2,215,39,0,Electronics,Online,Med,1,52.3
51.41,21,1,1.64,0,18,48.8,62,31,0,Gas,Chip,Low,0,39.7
32.66,17,4,0.25,6,16,96.9,174,45,0,General Retail,Swipe,Med,0,28.4
31.35,22,6,0.55,1,1,9.4,20,40,0,Gas,Contactless,Med,0,34.6
93.22,17,2,1.18,0,24,15.2,26,29,0,General Retail,Online,Med,1,38.9
68.82,11,0,0.18,9,36,31.1,22,75,0,Grocery,Swipe,High,0,57.6
21.16,20,5,0.5,2,6,484.4,136,71,0,Restaurant,Chip,Low,0,27.7
110.79,19,3,0.34,3,18,7.6,1,62,0,Grocery,Online,Low,1,61.5
50.54,22,0,0.08,1,8,1.7,92,31,0,General Retail,Swipe,Low,0,43.2
19.58,14,2,0.06,4,13,19.6,5,57,0,Gas,Chip,Low,0,36.4
339.48,15,3,0.29,3,13,8.8,3,54,1,Travel,Online,Med,1,86.1
88.68,12,6,1.57,0,12,2.3,191,51,0,Grocery,Chip,High,0,25.5
117.63,10,1,5.24,0,1,17.1,71,63,0,General Retail,Online,Med,1,35.4
116.76,23,3,1.24,0,8,3.4,84,54,0,General Retail,Online,Med,1,38.7
145.25,23,1,8.1,0,0,583.1,65,56,0,Grocery,Contactless,Med,0,41.2
26.65,15,2,0.87,1,12,27.2,47,54,0,Grocery,Contactless,Med,0,38.2
47.81,22,1,0.41,2,27,13.5,206,50,0,Gas,Chip,High,0,29.7
368.87,12,3,2.71,0,3,12.0,0,18,0,General Retail,Contactless,Med,0,37.9
9.79,20,4,0.08,10,32,4.8,38,46,0,Other,Chip,Med,0,49.0
62.67,17,0,0.17,1,9,20.3,198,36,0,Grocery,Contactless,High,0,26.3
1648.48,18,0,0.36,2,2,13.0,68,25,0,Jewelry,Contactless,Med,0,46.9
1416.13,18,5,0.21,2,21,13.2,71,70,0,Jewelry,Contactless,Low,0,47.7
1016.51,17,2,1.25,0,11,4.1,141,70,0,Jewelry,Swipe,Med,0,37.5
163.01,20,4,0.96,1,9,58.0,2,65,0,General Retail,Contactless,Med,0,35.9
24.72,13,0,0.02,2,4,20.2,177,48,0,Other,Contactless,Med,0,23.6
369.7,20,4,0.27,1,7,4.2,57,65,0,General Retail,Contactless,High,0,33.9
112.06,9,6,0.89,1,5,9.5,41,45,0,Electronics,Online,Med,1,65.2
30.42,9,3,0.47,2,14,126.6,82,48,0,Gas,Contactless,Med,0,38.7
552.08,19,4,1.21,0,13,39.4,105,28,0,Electronics,Online,High,1,63.4
42.75,19,2,0.56,2,16,11.9,22,50,0,Other,Chip,Med,0,41.0
86.07,21,2,9.48,0,0,60.8,173,45,0,Other,Contactless,Med,0,20.7
49.61,11,0,0.15,3,11,15.5,31,25,0,Gas,Contactless,Low,0,38.5
1634.99,3,3,0.41,1,9,9.0,5,44,0,Electronics,Online,Med,1,100.0
72.91,15,6,7.38,0,0,3.9,1,43,0,Grocery,Chip,Med,0,35.8
298.27,21,0,0.5,4,7,10.6,38,71,1,Jewelry,Online,Low,1,91.9
61.45,22,2,0.44,1,3,48.9,0,58,0,Restaurant,Contactless,Med,0,31.2
248.83,21,5,0.38,1,7,40.1,221,45,0,Jewelry,Online,Low,1,51.8
63.85,16,3,0.07,1,9,39.1,146,48,0,Restaurant,Contactless,Low,0,31.6
57.36,21,5,0.73,1,7,4.1,233,45,0,Grocery,Contactless,Med,0,22.4
49.02,10,2,1.4,0,2,19.4,32,41,0,Gas,Chip,Low,0,39.8
17.29,21,4,0.02,12,13,36.1,24,28,0,Grocery,Contactless,Med,0,45.9
6.84,16,6,1.54,0,6,41.7,149,42,0,Restaurant,Online,Med,1,26.3
85.44,14,4,0.03,15,30,13.1,141,33,0,Electronics,Contactless,Med,0,46.8
1918.84,16,5,0.6,1,4,18.3,86,26,0,Travel,Online,Low,1,36.4
141.11,20,4,8.17,0,0,0.6,226,52,0,Travel,Online,Med,1,25.1
554.97,12,0,4.99,0,1,31.9,149,50,0,Electronics,Swipe,Low,0,27.0
22.86,9,1,0.63,1,5,26.0,0,18,0,Restaurant,Chip,Med,0,50.6
67.67,18,4,0.02,4,23,30.6,16,43,0,General Retail,Chip,Med,0,35.6
81.46,22,2,0.05,16,27,336.3,44,59,0,General Retail,Contactless,Med,0,64.6
160.1,17,3,1.94,0,5,173.6,21,60,0,Grocery,Chip,Med,0,44.0
174.77,8,3,1.41,0,8,5.8,120,60,0,General Retail,Chip,High,0,39.2
526.78,17,5,0.01,2,12,9.9,4,45,0,Travel,Online,Low,1,55.1
343.79,6,6,0.28,1,12,15.7,23,32,0,General Retail,Online,High,1,38.4
271.57,11,6,1.36,0,6,20.2,0,28,0,Travel,Online,High,1,52.6
110.14,6,0,0.78,1,14,17.2,88,50,0,Grocery,Chip,Med,0,36.7
860.26,14,5,2.93,0,1,6.4,107,50,1,Travel,Online,Low,1,77.7
85.33,12,5,3.84,0,3,33.9,148,64,0,Grocery,Chip,Low,0,19.2
338.69,6,6,0.82,1,14,4.8,2,61,0,Electronics,Online,High,1,83.1
35.06,11,2,2.19,0,3,3.1,107,43,0,Gas,Chip,Low,0,45.4
43.9,17,3,0.58,1,5,12.1,7,26,0,General Retail,Online,High,1,37.3
39.48,11,3,1.87,0,6,2.6,1,40,0,General Retail,Swipe,Med,0,34.4
33.26,8,2,0.44,1,9,58.7,2,48,0,Gas,Chip,Med,0,39.6
48.72,17,1,6.68,0,1,225.4,0,41,0,Restaurant,Contactless,Med,0,42.7
41.25,19,4,0.29,2,32,6.2,174,36,0,Grocery,Contactless,Low,0,13.9
128.06,20,0,0.02,9,21,6.8,58,48,0,General Retail,Chip,Med,0,50.2
134.54,14,5,0.03,1,6,312.2,79,37,0,Other,Online,High,1,52.8
27.33,18,5,5.47,0,2,6.5,117,35,0,Gas,Contactless,Low,0,39.3
35.62,20,1,2.52,0,8,13.3,101,49,0,General Retail,Chip,High,0,43.9
316.97,18,1,0.16,5,22,35.1,65,38,0,Electronics,Online,High,1,60.3
18.0,17,3,0.51,3,16,280.5,131,48,1,Restaurant,Contactless,Low,0,64.2
149.41,3,5,1.55,0,3,12.6,128,49,0,Electronics,Online,Med,1,61.5
114.83,12,0,1.05,0,16,6.3,75,27,0,Restaurant,Chip,Low,0,35.8
11.72,13,3,0.24,4,22,87.0,63,37,0,Restaurant,Chip,Med,0,38.8
241.73,13,1,0.59,1,11,15.4,1,66,0,Grocery,Contactless,High,0,33.5
78.31,22,5,0.08,6,30,67.1,40,27,0,Grocery,Chip,High,0,42.8
255.98,10,6,0.34,4,7,25.6,0,18,0,General Retail,Chip,High,0,39.9
627.24,16,0,0.58,1,3,21.8,0,18,0,Electronics,Swipe,Low,0,46.1
82.13,23,1,11.61,0,0,387.5,44,45,0,Grocery,Chip,Med,0,45.1
320.88,16,1,1.87,0,8,263.1,164,45,1,Other,Contactless,Low,0,63.2
19.39,11,5,1.81,0,10,3.9,21,43,0,Restaurant,Contactless,High,0,31.1
28.63,23,6,0.19,1,9,17.2,131,63,0,Restaurant,Online,Low,1,20.8
133.26,13,2,4.17,0,4,1.0,0,18,0,Electronics,Chip,Low,0,46.1
62.39,2,1,0.14,2,23,2.2,203,50,0,Electronics,Online,Low,1,60.8
39.46,13,4,0.67,1,5,37.4,72,68,0,General Retail,Contactless,Low,0,40.6
88.32,10,6,1.72,0,2,11.3,31,28,0,Gas,Chip,Low,0,40.2
42.75,20,6,0.55,4,17,13.0,32,39,0,Grocery,Contactless,Low,0,35.8
125.23,10,3,0.21,5,29,1951.5,93,33,0,Gas,Chip,High,0,40.8
3046.63,20,5,1.31,0,16,29.2,87,31,0,Travel,Online,Med,1,41.0
304.3,7,6,0.16,4,25,18.3,96,40,0,Restaurant,Contactless,Low,0,38.8
2929.82,22,5,0.43,1,1,8.9,126,66,0,Jewelry,Online,Med,1,48.7
254.71,6,3,1.66,0,4,16.8,153,72,0,Grocery,Chip,Med,0,20.2
47.22,22,1,0.13,3,23,27.5,95,39,0,Restaurant,Contactless,Med,0,35.3
43.91,8,2,0.07,4,21,47.8,107,73,0,Restaurant,Chip,Med,0,39.6
112.48,21,2,5.26,0,1,22.6,149,45,0,General Retail,Online,Med,1,31.5
85.01,20,6,0.4,2,25,1.5,123,71,0,General Retail,Chip,Med,0,24.0
70.73,16,5,0.54,2,7,40.8,0,43,1,Other,Online,Low,1,89.7
649.41,2,6,11.88,0,0,0.1,3,46,1,Electronics,Online,Med,1,100.0
390.37,17,5,2.66,0,2,29.9,122,50,0,Jewelry,Chip,Med,0,32.1
22.46,17,3,0.36,3,20,13.5,15,85,0,Grocery,Contactless,Med,0,34.8
100.7,15,5,0.16,3,25,22.8,1,57,0,Other,Chip,Med,0,36.4
176.9,17,4,1.16,0,6,2.5,134,34,0,Electronics,Online,Med,1,49.4
194.17,21,5,0.35,2,5,12.6,0,59,0,Electronics,Chip,Med,0,51.9
28.92,23,2,3.16,0,2,11.6,156,39,0,Restaurant,Chip,Low,0,18.1
37.57,15,1,0.72,1,5,679.3,89,37,0,Grocery,Chip,Low,0,47.0
1205.68,4,1,1.42,0,1,10.2,108,58,0,Travel,Contactless,Med,0,75.4
28.41,10,2,0.6,4,18,26.7,0,45,0,Restaurant,Contactless,Low,0,35.8
88.35,19,6,0.08,1,11,23.3,56,49,0,Restaurant,Contactless,Med,0,36.7
37.57,23,6,10.54,0,0,5.9,83,45,0,Restaurant,Contactless,Low,0,37.0
78.14,13,1,0.6,1,8,8.8,119,50,0,General Retail,Online,Med,1,38.4
41.66,9,3,3.41,0,2,13.5,168,51,0,Restaurant,Chip,Med,0,23.0
193.47,13,6,1.01,0,16,7.9,0,18,0,Jewelry,Chip,Med,0,46.5
117.19,12,5,0.95,2,12,79.7,169,54,0,General Retail,Online,Med,1,21.7
190.45,23,4,5.84,0,1,5.2,59,30,0,General Retail,Contactless,Med,0,46.7
123.58,18,4,0.14,1,24,8.7,9,23,0,Grocery,Chip,High,0,42.0
18.11,8,2,0.15,1,10,1529.8,85,44,1,Other,Chip,Med,0,79.6
11.84,13,6,2.01,0,5,1151.9,48,46,0,Restaurant,Chip,Med,0,42.8
21.52,7,0,3.39,0,1,332.2,111,34,1,Restaurant,Contactless,Low,0,80.9
104.52,18,6,0.02,3,15,11.6,10,57,0,Restaurant,Chip,Med,0,39.2
43.67,19,6,1.74,0,7,31.9,25,24,0,Restaurant,Contactless,Med,0,38.5
300.23,9,1,0.15,3,12,0.0,56,38,0,Jewelry,Chip,Med,0,44.7
21.39,12,3,0.16,4,29,3.4,138,36,0,Grocery,Chip,Med,0,25.9
210.4,20,6,7.01,0,0,31.7,212,44,0,Electronics,Chip,High,0,40.3
39.82,20,3,3.29,0,1,4.9,117,49,0,Grocery,Contactless,High,0,38.3
178.42,16,2,1.88,0,11,12.8,41,29,0,Other,Contactless,Med,0,36.9
262.46,14,0,0.18,2,24,67.8,203,55,0,General Retail,Online,High,1,25.2
32.8,23,3,0.35,3,33,3.7,109,45,0,Grocery,Chip,High,0,38.2
151.24,18,1,0.27,2,13,624.3,0,18,0,General Retail,Chip,Low,0,42.4
60.28,22,5,0.37,2,13,59.3,0,18,0,Restaurant,Chip,Med,0,35.0
18.72,4,6,0.18,2,14,41.6,112,44,0,Other,Online,Low,1,52.2
337.43,9,2,0.51,3,32,9.6,75,41,0,Travel,Online,Low,1,42.8
102.22,1,1,0.14,1,6,10.3,4,43,1,General Retail,Online,Low,1,100.0
41.82,21,2,0.15,2,18,3.1,225,44,0,Restaurant,Contactless,Med,0,26.6
11.01,18,2,0.17,3,16,25.0,40,48,0,Other,Online,Low,1,38.5
564.12,11,4,0.47,2,13,1.3,8,59,0,Jewelry,Contactless,Low,0,50.4
135.35,23,1,0.93,1,19,53.1,40,28,0,General Retail,Online,Low,1,34.4
120.98,22,6,0.02,11,22,8.9,0,27,0,Restaurant,Contactless,Med,0,58.2
26.44,11,4,0.1,4,19,1.3,48,28,0,Restaurant,Chip,High,0,42.2
430.48,17,0,19.45,0,0,2088.6,101,49,0,Jewelry,Online,High,1,75.1
69.7,17,2,0.07,7,25,27.8,3,63,0,General Retail,Chip,Med,0,44.7
373.13,9,4,7.45,0,0,9.3,198,38,0,Electronics,Contactless,Low,0,31.2
109.98,18,3,0.01,18,33,18.2,0,18,0,General Retail,Chip,High,0,53.6
131.3,10,3,2.14,0,1,13.7,1,19,0,General Retail,Chip,Low,0,37.1
18.78,22,0,0.71,2,10,34.6,4,32,0,Restaurant,Swipe,High,0,33.5
612.33,21,2,0.23,3,33,11.3,53,36,0,Travel,Online,Med,1,40.2
21.21,22,4,0.19,7,35,716.6,69,38,1,Restaurant,Swipe,Med,0,80.3
252.35,19,5,0.6,4,32,26.5,44,45,1,Electronics,Online,Low,1,99.6
115.89,10,3,0.01,16,23,15.1,193,40,0,Restaurant,Swipe,Low,0,43.0
176.71,13,3,1.86,0,10,5.4,47,60,0,Jewelry,Contactless,Med,0,50.8
256.61,18,1,2.99,0,2,4.1,61,34,0,Electronics,Chip,Med,0,49.1
147.65,11,5,0.1,5,25,800.2,18,32,0,Travel,Online,High,1,42.2
41.5,19,4,2.96,0,8,813.2,138,52,1,Restaurant,Swipe,Med,0,52.6
1413.79,13,5,3.37,0,3,537.8,12,21,0,Jewelry,Chip,Med,0,78.5
53.43,9,4,0.04,4,8,6.1,143,50,0,Grocery,Contactless,Low,0,25.0
50.98,15,6,11.69,0,0,9.4,7,46,0,Grocery,Contactless,Med,0,38.2
1290.75,18,6,7.16,0,0,0.4,42,42,0,Travel,Online,Low,1,37.3
444.32,15,5,0.14,2,10,4.1,57,68,0,Electronics,Online,Med,1,62.3
93.7,17,2,1.24,0,10,18.6,62,35,0,Grocery,Chip,Med,0,34.6
168.89,13,0,3.37,0,2,23.2,54,75,0,Other,Chip,High,0,33.9
4.28,20,0,1.33,0,6,38.3,1,41,0,Restaurant,Chip,Med,0,39.7
56.41,17,5,0.04,3,30,4.8,41,25,0,Other,Contactless,Low,0,42.4
177.97,16,6,0.54,1,7,457.6,24,46,0,Travel,Online,High,1,39.6
30.54,13,4,0.57,1,16,194.7,19,28,0,Other,Contactless,Med,0,37.8
1244.17,15,5,0.49,3,10,12.0,31,33,0,Electronics,Online,Med,1,67.6
48.12,3,0,1.96,0,5,3.5,215,50,0,Other,Online,Med,1,35.0
605.53,17,3,0.17,4,20,10.9,85,53,0,General Retail,Chip,High,0,40.9
23.78,9,4,0.05,9,32,27.9,151,35,0,Gas,Chip,Low,0,46.7
16.41,21,1,0.24,1,2,33.2,197,59,0,Restaurant,Chip,Med,0,26.4
866.52,20,5,0.5,2,5,18.1,108,62,0,Travel,Online,Med,1,36.0
38.33,15,2,0.04,1,7,12.9,28,66,0,Grocery,Chip,Low,0,43.3
112.32,20,1,3.28,0,10,2102.1,5,52,0,Other,Contactless,High,0,43.5
51.13,17,4,0.56,2,14,14.8,177,65,0,Grocery,Contactless,Med,0,23.7
252.53,10,3,6.94,0,1,10.8,0,18,0,Electronics,Chip,Low,0,48.9
55.39,19,3,0.18,1,12,0.3,137,40,0,General Retail,Online,Low,1,23.6
457.67,21,3,0.14,3,31,10.6,43,31,0,Electronics,Swipe,High,0,45.9
132.97,2,4,0.35,5,23,5.3,5,46,0,Other,Online,Med,1,69.5
108.04,12,2,0.55,2,16,0.3,144,36,0,Restaurant,Chip,Low,0,24.1
424.81,16,5,4.79,0,2,4.4,61,42,0,Jewelry,Online,Low,1,65.2
35.68,13,6,0.15,2,18,16.0,1,73,0,Gas,Chip,Low,0,30.1
179.4,17,3,0.43,2,8,0.1,50,42,0,Electronics,Online,Low,1,64.0
1238.8,16,1,0.09,4,18,114.3,121,51,0,Electronics,Online,Med,1,44.1
55.04,19,1,1.07,0,30,2455.0,59,41,1,Gas,Contactless,Low,0,76.0
13.93,7,5,0.05,2,9,14.2,209,46,0,Grocery,Contactless,Low,0,26.2
7.5,15,1,0.11,1,10,13.5,49,45,0,Restaurant,Chip,Low,0,36.7
32.07,20,5,1.77,0,2,12.3,156,51,0,Grocery,Contactless,Med,0,27.6
405.95,13,4,2.86,0,3,16.9,72,62,0,Electronics,Chip,Med,0,48.2
47.36,14,3,0.33,2,14,0.2,57,69,0,Gas,Chip,Med,0,29.4
117.13,3,0,0.61,1,24,1.8,26,49,0,Other,Contactless,Med,0,53.8
69.31,9,3,1.39,0,14,40.3,5,53,0,Other,Online,High,1,61.0
283.13,14,4,0.22,1,13,5.4,12,27,0,Other,Contactless,Med,0,35.7
208.86,13,1,0.7,3,16,23.1,165,43,0,General Retail,Online,High,1,22.9
49.51,18,5,0.24,1,7,1.0,186,59,0,Gas,Chip,Med,0,16.5
804.83,16,1,0.18,3,13,8.7,140,57,0,Electronics,Chip,Low,0,34.5
168.51,21,2,0.26,3,13,10.6,216,48,0,Jewelry,Online,High,1,53.8
64.29,21,3,1.79,0,10,17.1,187,58,0,Other,Online,Med,1,22.1
41.02,12,5,1.02,0,6,33.6,5,52,0,Restaurant,Swipe,Med,0,34.4
70.77,6,1,2.27,0,4,237.5,133,63,0,Grocery,Chip,Low,0,32.0
12.6,20,2,0.14,4,25,726.4,24,49,0,Other,Chip,Med,0,49.4
308.04,11,5,4.08,0,2,923.9,67,39,0,Electronics,Online,High,1,75.4
49.01,12,2,0.24,1,34,0.9,126,50,0,Gas,Contactless,Low,0,28.1
574.96,6,4,0.27,2,6,27.4,0,18,0,Travel,Chip,Low,0,46.1
103.45,18,2,6.68,0,1,10.4,5,50,1,Grocery,Online,Low,1,96.7
175.23,11,0,0.02,12,28,1.8,0,18,0,General Retail,Contactless,Med,0,60.2
41.71,11,3,2.46,0,5,4.9,10,19,0,Restaurant,Contactless,High,0,38.3
61.38,17,2,0.52,4,12,249.6,94,51,0,Restaurant,Chip,Med,0,43.2
52.26,19,1,30.0,0,0,16.3,2,52,0,Gas,Chip,High,0,42.5
50.9,11,6,0.17,3,12,2.5,30,27,0,Gas,Contactless,Med,0,34.1
67.16,19,5,0.58,2,11,0.9,125,34,0,Restaurant,Contactless,Med,0,26.5
41.01,14,1,0.71,1,17,28.4,103,65,0,Gas,Chip,Low,0,35.6
42.23,14,3,0.04,2,12,0.1,86,37,0,Restaurant,Swipe,Low,0,39.4
211.85,12,5,0.27,7,43,1864.7,26,78,1,General Retail,Swipe,Med,0,78.7
924.36,10,0,2.75,0,2,165.1,163,44,1,Jewelry,Chip,Low,0,67.3
1439.74,13,0,0.51,1,26,281.0,25,51,0,Jewelry,Chip,Low,0,79.7
143.75,21,3,0.33,1,11,5.3,2,69,0,Gas,Contactless,High,0,40.1
86.85,8,6,0.87,1,6,60.4,109,46,0,Grocery,Swipe,Med,0,40.8
189.55,21,6,9.21,0,0,30.8,35,29,0,Electronics,Chip,Low,0,41.2
523.08,10,3,1.08,0,8,148.2,69,43,0,Electronics,Contactless,Med,0,46.6
111.87,12,4,0.74,1,4,9.6,115,44,0,Other,Chip,Med,0,36.3
152.55,16,3,0.13,2,19,22.4,0,24,0,Other,Online,High,1,60.8
351.75,21,6,0.38,4,28,5.0,179,41,0,General Retail,Online,Med,1,23.1
63.06,7,3,0.36,2,17,7.1,151,33,0,Electronics,Online,Low,1,56.3
100.19,10,6,0.04,15,25,10.8,153,58,0,Restaurant,Chip,Low,0,42.1
2119.4,16,2,7.88,0,0,33.3,72,45,0,Travel,Contactless,Low,0,41.9
123.54,11,6,0.47,2,14,1.0,115,40,0,Other,Contactless,Med,0,34.2
737.14,17,5,0.34,4,25,167.9,79,43,1,Travel,Online,Med,1,69.9
30.87,21,5,0.03,4,26,11.8,1,48,0,Restaurant,Chip,Med,0,35.5
37.18,8,0,0.02,8,48,1.2,4,54,0,Restaurant,Contactless,Med,0,39.6
63.46,20,5,8.22,0,0,16.2,111,30,0,Gas,Swipe,Med,0,33.3
51.77,7,1,0.74,1,1,1.0,108,29,0,Restaurant,Contactless,Low,0,31.2
549.2,20,6,0.04,3,39,6.9,157,61,0,Electronics,Chip,Low,0,31.1
988.01,23,1,18.93,0,0,22.7,54,38,0,Jewelry,Online,Med,1,66.6
68.76,17,5,1.03,0,2,301.2,17,23,0,Gas,Chip,Med,0,41.4
1335.68,21,4,0.66,2,21,18.4,81,51,0,Jewelry,Chip,High,0,47.9
14.93,20,2,0.67,3,30,27.2,42,51,0,Restaurant,Online,Low,1,35.4
187.41,6,6,16.13,0,0,24.1,20,22,0,General Retail,Chip,Med,0,31.0
129.75,0,2,0.67,2,21,230.5,169,48,0,Restaurant,Chip,Low,0,45.8
82.88,3,0,0.93,1,16,19.0,131,56,0,General Retail,Contactless,Med,0,38.4
1518.53,13,0,0.16,2,8,2.7,39,50,0,Travel,Chip,Low,0,37.8
175.71,17,5,1.45,0,4,611.1,80,54,1,Travel,Online,Med,1,77.8
355.21,14,2,0.31,5,27,21.2,49,23,0,Travel,Online,Low,1,37.2
19.9,19,5,10.22,0,0,39.5,58,49,0,Restaurant,Contactless,Low,0,33.9
1873.13,14,0,0.05,12,48,9.2,200,40,0,Jewelry,Chip,Med,0,56.4
92.52,6,0,0.84,1,5,13.8,94,37,0,Gas,Swipe,Med,0,37.6
34.35,11,6,0.73,1,6,30.8,92,58,0,Restaurant,Swipe,Med,0,39.4
258.57,23,1,0.65,1,8,21.1,58,67,0,General Retail,Chip,Med,0,36.0
2783.81,12,4,0.34,2,10,26.1,83,71,0,Jewelry,Online,High,1,66.2
58.93,11,2,0.14,3,13,201.5,5,64,0,Other,Contactless,Low,0,49.2
50.56,9,3,0.04,10,11,2.1,19,43,0,Gas,Chip,Med,0,56.3
753.6,21,0,0.03,16,19,41.1,28,50,0,Electronics,Chip,High,0,65.8
34.27,10,1,0.44,5,28,6.3,54,56,0,Gas,Contactless,Med,0,41.5
94.37,17,5,5.95,0,1,4.2,49,46,0,General Retail,Online,Med,1,40.8
2270.15,2,3,0.04,3,20,1.1,1,46,0,Electronics,Online,Med,1,100.0
227.23,4,3,0.71,2,16,149.0,170,57,0,Travel,Online,Low,1,37.1
711.61,18,6,0.03,1,7,15.3,64,44,0,Electronics,Chip,Med,0,48.1
528.75,17,2,0.46,3,17,58.3,133,34,0,Electronics,Contactless,Med,0,34.6
44.96,17,5,2.46,0,2,7.7,141,38,0,Gas,Contactless,Med,0,28.3
103.1,10,5,0.21,2,24,460.4,80,54,0,Other,Chip,High,0,42.9
351.37,23,3,2.51,0,4,31.5,80,45,0,Other,Contactless,Low,0,40.1
48.76,17,2,0.12,5,24,8.6,82,50,0,Restaurant,Chip,Low,0,47.2
87.24,23,2,0.68,1,5,9.5,235,55,0,Grocery,Chip,Med,0,26.2
91.06,9,6,0.16,3,17,10.3,68,39,0,Gas,Swipe,Med,0,33.2
254.33,13,2,0.57,3,13,41.9,74,56,0,Electronics,Online,Med,1,63.2
24.57,12,4,2.13,0,3,5000.0,111,50,0,Other,Contactless,Med,0,47.1
1620.69,18,0,0.9,1,9,1.7,63,26,0,Electronics,Chip,Med,0,44.1
48.37,20,2,0.89,1,2,4.5,69,66,0,Restaurant,Swipe,High,0,34.1
98.31,14,6,0.43,2,24,16.4,114,37,0,Grocery,Chip,Med,0,32.5
35.84,2,3,1.32,0,9,17.2,14,20,0,General Retail,Contactless,Low,0,48.2
49.52,11,5,0.1,4,21,628.4,118,29,0,Restaurant,Contactless,Med,0,51.0
26.96,3,1,1.01,0,9,14.9,17,29,0,Grocery,Online,Med,1,46.9
49.87,20,5,0.05,21,58,0.2,3,45,0,Grocery,Chip,Low,0,59.1
31.4,11,6,0.06,3,18,1147.4,11,40,0,Grocery,Online,Low,1,43.5
31.09,8,6,3.91,0,1,71.8,80,39,0,Grocery,Chip,Med,0,36.5
314.91,12,3,0.32,2,9,11.8,4,54,0,Travel,Online,Med,1,62.1
7.82,8,4,0.12,4,19,174.9,125,50,0,Restaurant,Swipe,High,0,18.7
15.5,23,6,0.06,9,61,2.1,121,49,0,Restaurant,Contactless,Med,0,49.1
155.51,11,5,0.15,4,31,0.9,98,51,0,General Retail,Chip,Low,0,40.1
99.1,22,6,0.49,1,13,2.0,184,54,0,Other,Chip,Med,0,29.0
151.38,18,0,0.6,1,2,1015.8,0,18,0,Travel,Online,Med,1,65.6
168.79,16,3,1.37,0,4,53.3,18,39,0,General Retail,Online,High,1,40.0
182.35,14,5,2.77,0,3,4.1,0,18,0,Travel,Online,Med,1,63.7
1071.37,18,5,11.66,0,0,5.3,4,45,0,Jewelry,Online,Med,1,86.0
620.33,17,1,0.58,1,11,18.0,54,44,0,Jewelry,Chip,High,0,43.3
62.41,0,4,1.22,0,17,12.3,101,60,0,General Retail,Online,Med,1,45.2
67.82,21,1,0.41,2,9,650.2,0,62,0,General Retail,Chip,Low,0,42.9
252.29,14,0,2.63,0,1,13.4,199,48,0,Restaurant,Chip,Med,0,25.7
20.94,14,0,0.84,1,7,6.7,98,37,0,Restaurant,Swipe,Med,0,37.3
52.55,13,6,0.51,1,7,49.0,141,52,0,Gas,Chip,Med,0,22.8
78.45,18,1,0.05,1,6,1.8,182,37,0,Restaurant,Online,High,1,27.5
15.64,14,3,1.45,0,5,2.2,31,44,0,Restaurant,Contactless,Low,0,36.2
18.69,12,1,0.01,16,19,5.9,96,59,0,General Retail,Chip,Med,0,53.2
41.78,3,6,0.03,13,17,431.5,103,36,1,General Retail,Online,Low,1,100.0
78.39,13,6,7.29,0,0,65.9,105,57,0,Grocery,Chip,Low,0,40.2
28.63,10,4,10.59,0,0,18.6,142,55,0,Restaurant,Chip,Med,0,19.9
31.11,21,5,0.72,1,8,4.2,3,30,0,Restaurant,Online,Med,1,54.7
1257.88,13,0,11.42,0,0,25.9,58,59,0,Jewelry,Contactless,Med,0,42.4
20.21,22,6,0.25,3,42,5.4,2,55,0,Restaurant,Chip,Med,0,37.9
45.17,18,2,0.62,1,1,10.6,31,46,0,Grocery,Swipe,Low,0,42.7
20.56,19,2,0.6,3,12,34.1,2,33,0,Grocery,Chip,Med,0,43.8
115.28,23,1,0.17,1,13,0.0,131,32,0,General Retail,Online,Med,1,27.8
63.85,10,6,1.34,0,20,27.1,69,36,0,Grocery,Contactless,Med,0,45.7
180.98,15,1,0.03,3,29,15.6,114,53,0,General Retail,Chip,Med,0,38.8
33.79,2,6,0.36,2,13,14.8,52,30,0,General Retail,Online,High,1,53.4
57.78,7,5,0.32,1,10,22.4,105,51,0,Other,Contactless,Med,0,35.7
195.65,13,5,0.02,13,13,6.2,11,26,0,Jewelry,Chip,Med,0,58.2
46.87,18,0,0.33,2,18,550.3,127,41,0,Grocery,Contactless,Med,0,30.2
112.42,21,5,0.02,17,38,0.5,32,46,0,Restaurant,Online,Med,1,55.1
365.42,10,6,1.14,0,14,38.5,162,81,0,Travel,Online,High,1,35.1
27.79,19,2,0.02,15,24,21.9,24,24,0,Gas,Swipe,Med,0,55.6
35.47,10,3,1.44,0,2,98.0,134,67,1,Other,Contactless,Med,0,53.7
18.4,0,0,0.4,1,15,9.5,5,47,0,General Retail,Contactless,Med,0,52.9
23.69,7,3,3.15,0,13,31.2,60,51,0,Grocery,Chip,Med,0,35.0
74.08,16,4,0.46,1,13,5.4,117,46,0,Gas,Contactless,High,0,38.6
19.45,14,2,0.35,1,5,8.1,121,51,0,Other,Contactless,High,0,28.3
83.23,10,5,0.02,19,27,19.9,81,42,0,Other,Online,Low,1,51.9
293.83,9,0,0.09,3,26,7.3,188,66,0,Electronics,Chip,Low,0,39.7
24.84,17,4,0.01,1,8,8.3,82,38,0,Restaurant,Swipe,Med,0,42.5
521.25,20,4,3.89,0,2,47.4,133,61,1,Travel,Online,Med,1,59.2
38.93,6,1,0.12,2,13,6.8,2,35,0,Gas,Chip,High,0,45.0
69.52,20,2,0.5,1,8,10.3,138,44,0,Restaurant,Chip,Med,0,23.3
378.02,17,1,0.05,6,44,15.0,75,28,0,Jewelry,Swipe,High,0,50.0
47.57,14,4,17.02,0,0,2.5,127,51,0,Other,Online,Med,1,25.9
22.04,7,4,0.15,1,9,24.0,133,66,0,Restaurant,Contactless,Low,0,22.2
142.36,21,3,0.01,14,14,894.0,175,43,0,General Retail,Chip,Low,0,46.6
59.68,14,1,0.14,5,29,1498.0,116,42,0,Gas,Contactless,Med,0,52.7
4.51,14,1,0.42,1,5,1.4,84,28,0,Restaurant,Chip,Low,0,42.2
64.88,20,5,7.85,0,0,51.0,88,41,0,Grocery,Contactless,Med,0,41.6
68.65,19,3,0.48,2,28,63.5,5,21,0,Electronics,Chip,Med,0,44.3
44.06,18,3,1.78,0,9,31.6,87,31,0,Grocery,Chip,Med,0,40.8
460.27,21,2,0.2,2,14,5.3,215,48,0,Jewelry,Online,Low,1,49.7
49.2,8,6,1.05,0,3,22.5,24,64,0,Gas,Contactless,High,0,44.8
53.87,20,1,0.7,1,3,25.1,223,85,0,Restaurant,Chip,Med,0,29.7
64.02,12,5,19.16,0,0,11.3,51,36,0,Gas,Chip,Med,0,41.7
20.71,21,5,0.27,3,17,10.1,97,66,0,Restaurant,Swipe,Med,0,41.3
39.38,12,1,1.46,0,4,3.1,54,48,0,General Retail,Contactless,Med,0,37.6
96.93,3,0,0.35,1,18,29.5,168,42,0,General Retail,Online,High,1,37.7
14.95,13,1,2.28,0,4,12.4,166,51,0,Other,Contactless,Med,0,31.0
25.87,20,1,15.87,0,0,17.9,101,45,0,Restaurant,Chip,Med,0,39.9
266.15,14,5,1.76,0,6,3.5,191,46,0,General Retail,Contactless,Low,0,21.4
13.5,19,3,1.46,0,23,1.2,201,38,0,Other,Chip,Low,0,29.8
41.89,5,3,1.21,0,13,0.0,43,24,0,Gas,Chip,Med,0,35.3
193.64,11,3,0.26,1,11,30.8,13,21,0,Electronics,Contactless,Med,0,46.7
519.97,15,6,7.27,0,0,2139.1,125,54,1,Other,Chip,Med,0,88.9
239.97,12,6,0.41,2,5,24.0,80,40,0,Electronics,Online,High,1,54.0
53.88,17,0,0.82,3,18,128.6,0,36,0,General Retail,Chip,Med,0,38.7
137.24,22,5,14.23,0,0,27.6,47,45,0,Travel,Chip,Low,0,46.7
85.76,17,2,0.43,1,7,22.8,59,56,0,General Retail,Contactless,Med,0,39.3
95.59,13,5,0.76,1,14,16.6,58,47,0,General Retail,Contactless,Low,0,49.9
28.87,15,6,0.02,2,20,29.5,116,35,0,Other,Chip,Med,0,37.4
71.29,21,3,0.11,3,25,16.4,145,63,0,Gas,Swipe,Med,0,25.7
543.36,18,4,2.87,0,1,19.3,87,68,0,Travel,Online,Med,1,37.6
190.94,20,3,0.1,1,5,0.5,27,52,0,General Retail,Online,Med,1,38.2
44.44,11,0,0.56,1,17,2.9,99,59,0,Grocery,Chip,Med,0,39.5
107.09,19,0,0.03,2,11,2.0,236,63,0,General Retail,Online,Med,1,30.8
298.43,7,2,0.74,1,5,22.7,62,61,0,Travel,Online,Low,1,34.6
339.49,19,5,1.0,1,5,33.5,156,54,0,General Retail,Contactless,Med,0,24.8
432.35,21,2,0.12,4,24,0.7,105,53,0,Electronics,Online,High,1,66.9
32.4,22,3,8.59,0,0,0.3,181,52,0,Restaurant,Contactless,Low,0,29.9
44.27,8,3,1.26,0,17,51.8,6,28,0,Other,Chip,Med,0,29.4
45.3,20,2,0.12,2,29,42.7,71,55,0,General Retail,Chip,Low,0,32.4
408.72,6,3,16.97,0,0,5.9,45,24,0,Electronics,Online,Med,1,64.6
57.96,14,4,0.26,5,26,7.4,16,33,0,Gas,Contactless,Low,0,42.5
22.14,19,5,1.41,0,8,407.0,106,64,1,Restaurant,Chip,Med,0,75.7
69.12,14,5,0.29,2,22,15.3,29,57,0,Other,Contactless,Low,0,40.7
61.99,12,5,0.42,1,8,674.8,20,67,1,Grocery,Chip,Med,0,85.5
42.12,18,3,1.23,0,18,2.6,139,40,0,Restaurant,Online,Low,1,24.8
82.94,17,4,0.25,2,19,523.4,66,27,0,Travel,Online,Med,1,43.7
151.79,16,1,1.28,0,4,27.2,71,41,0,Travel,Online,Low,1,39.9
96.53,15,1,0.05,2,10,32.7,121,46,0,Electronics,Contactless,Med,0,34.3
511.33,18,6,0.5,5,25,1.5,186,46,1,Travel,Online,High,1,58.8
24.74,13,4,0.02,13,15,12.3,111,62,0,Other,Swipe,Low,0,54.9
62.6,6,0,0.82,1,14,9.8,98,39,0,General Retail,Contactless,High,0,37.0
27.33,15,2,0.97,1,19,1432.7,3,50,0,General Retail,Contactless,Med,0,40.6
229.56,18,6,0.46,1,15,12.2,65,30,0,Electronics,Chip,Med,0,49.3
223.08,12,0,4.11,0,2,365.7,12,51,0,Jewelry,Chip,Med,0,49.2
78.31,9,3,0.07,1,4,4335.1,68,45,0,Grocery,Contactless,Low,0,41.3
53.0,22,5,0.06,5,20,1218.7,44,33,1,Restaurant,Contactless,Med,0,72.8
85.29,20,6,0.1,3,32,10.8,23,41,0,General Retail,Chip,Low,0,36.7
315.26,16,2,0.17,2,12,268.7,116,42,1,Travel,Chip,Med,0,77.7
12.27,20,6,2.08,0,1,23.3,119,40,0,General Retail,Online,Med,1,33.6
320.69,23,5,0.45,1,8,13.3,24,71,1,Travel,Online,High,1,69.9
144.68,16,2,0.25,1,4,33.0,3,43,0,Electronics,Contactless,Low,0,47.4
62.53,10,5,11.99,0,0,167.7,111,41,1,Gas,Contactless,High,0,64.7
133.23,17,5,8.75,0,0,3.2,0,18,0,General Retail,Chip,Low,0,35.0
115.71,21,1,0.68,1,12,4.2,109,31,0,General Retail,Chip,Med,0,45.2
79.55,18,0,0.26,2,7,13.2,188,41,0,Gas,Chip,Med,0,22.0
43.1,1,5,2.36,0,14,4.2,76,34,0,General Retail,Online,Low,1,51.8
41.43,21,0,0.51,3,15,33.3,120,65,0,General Retail,Contactless,Low,0,36.0
839.82,19,5,0.02,12,18,56.0,96,42,0,Electronics,Online,Med,1,82.8
36.46,14,2,0.36,4,15,5.6,63,64,0,Restaurant,Contactless,Low,0,34.8
46.84,23,4,0.02,4,28,58.7,13,45,0,Grocery,Chip,Med,0,30.4
579.61,18,4,0.95,1,5,245.1,11,45,1,General Retail,Contactless,High,0,100.0
555.05,20,0,0.97,1,13,4.6,187,43,0,Electronics,Online,Med,1,53.0
61.71,23,0,0.5,2,11,4.2,74,45,0,General Retail,Online,Low,1,40.7
31.74,6,4,0.78,1,19,12.2,223,70,0,Gas,Chip,Low,0,25.4
229.46,20,3,0.22,4,9,8.5,0,18,0,Other,Online,Low,1,56.9
62.92,13,0,0.02,1,2,64.5,0,18,0,Grocery,Swipe,Med,0,41.7
37.69,21,6,0.6,1,3,14.6,101,36,0,Restaurant,Chip,Med,0,35.1
53.46,21,1,0.02,3,18,11.1,35,45,0,Restaurant,Contactless,Low,0,35.4
843.09,21,6,0.18,2,14,6.5,187,55,0,Travel,Online,Low,1,20.9
541.3,19,0,0.06,5,23,34.1,127,52,0,Electronics,Chip,Med,0,31.9
97.7,20,1,1.86,0,9,42.4,15,39,0,Grocery,Online,Med,1,36.8
644.88,11,3,4.06,0,1,20.5,12,60,0,Travel,Online,Med,1,39.2
839.59,13,3,2.89,0,5,32.6,72,60,0,Travel,Online,High,1,32.6
148.61,10,4,0.18,3,20,10.5,79,47,0,Electronics,Chip,Low,0,45.0
427.88,20,1,5.61,0,1,18.8,22,59,0,Other,Chip,Med,0,34.8
153.51,16,1,0.51,1,17,25.9,234,49,0,Travel,Contactless,High,0,26.5
67.25,16,1,0.02,3,27,9.1,16,36,0,Grocery,Swipe,Med,0,39.2
28.12,10,3,2.45,0,1,74.2,94,55,0,Gas,Online,Med,1,33.9
63.46,16,6,0.08,4,19,11.7,77,46,0,Other,Chip,Med,0,40.0
49.4,14,3,12.55,0,0,4.8,23,45,0,General Retail,Online,Med,1,37.8
96.7,23,6,0.12,5,27,13.6,4,67,0,General Retail,Contactless,Med,0,41.2
98.52,20,1,0.78,2,11,16.6,0,18,0,Other,Chip,Med,0,35.4
139.55,15,1,0.27,2,11,41.7,12,23,0,Electronics,Online,Med,1,66.8
408.43,19,0,1.31,0,8,14.2,17,27,0,Travel,Chip,Med,0,41.5
1156.78,11,1,0.39,3,25,335.5,44,39,1,Electronics,Chip,Med,0,100.0
27.66,8,2,0.69,1,4,3.7,183,41,0,Grocery,Contactless,High,0,33.2
162.33,17,2,0.97,1,18,22.6,9,22,0,Travel,Online,Low,1,40.0
144.03,18,4,0.28,6,22,6.9,61,30,0,Other,Chip,Low,0,45.1
57.84,7,3,0.42,2,16,7.9,110,32,0,Grocery,Contactless,Med,0,48.1
44.36,9,4,0.05,1,5,14.8,112,81,0,Gas,Online,Low,1,31.3
1109.25,14,0,1.0,1,2,7.2,75,72,0,Travel,Contactless,Med,0,42.6
34.78,6,6,0.3,1,6,1.5,196,38,0,General Retail,Contactless,Low,0,26.9
39.24,13,1,0.33,2,13,0.3,14,39,0,Grocery,Swipe,Med,0,39.0
37.12,14,0,1.1,0,1,2.1,23,27,0,Gas,Contactless,Med,0,35.4
24.79,22,2,2.65,0,2,19.6,0,18,0,Restaurant,Chip,Low,0,34.4
87.91,13,4,0.13,2,8,27.1,164,43,0,Restaurant,Swipe,Low,0,20.6
71.39,8,1,0.18,1,23,19.5,37,30,0,Electronics,Online,Med,1,73.3
210.18,9,1,2.09,0,4,7.9,110,43,0,Jewelry,Contactless,Med,0,48.7
114.76,7,5,0.02,16,16,3.8,15,20,0,Travel,Online,Med,1,50.2
119.01,19,5,0.25,3,21,441.4,155,33,0,Grocery,Chip,Low,0,27.2
20.3,15,5,14.99,0,0,10.1,119,47,0,Restaurant,Contactless,Low,0,29.9
36.64,9,1,0.49,1,7,6.4,5,50,0,Gas,Online,Low,1,64.8
67.13,21,3,0.02,9,10,35.1,31,51,0,Electronics,Chip,Low,0,64.6
63.54,19,4,0.62,1,2,22.1,71,25,0,Other,Chip,High,0,40.0
61.65,9,3,0.83,1,5,10.8,138,57,0,Restaurant,Contactless,Low,0,24.8
78.43,10,1,25.09,0,0,0.8,150,32,0,Other,Online,Low,1,28.6
60.51,20,5,23.73,0,0,9.6,28,54,0,Grocery,Chip,High,0,36.4
11.44,19,6,0.28,3,11,39.8,109,44,0,Restaurant,Swipe,Med,0,39.2
307.57,22,1,0.09,2,26,19.6,49,24,0,Travel,Contactless,Med,0,39.1
41.31,8,4,0.02,1,6,11.7,23,40,0,Restaurant,Contactless,Med,0,33.4
30.64,19,6,3.18,0,2,36.6,71,50,0,Other,Chip,High,0,35.1
73.24,7,3,0.13,3,22,12.8,25,54,0,Grocery,Contactless,Low,0,36.8
847.09,11,0,0.11,2,13,7.2,11,42,0,Travel,Online,Low,1,39.3
46.03,19,4,7.26,0,0,2.1,4,67,0,Grocery,Contactless,High,0,43.6
88.16,18,6,1.36,0,15,0.8,27,60,0,Grocery,Swipe,Med,0,38.5
40.21,0,1,0.47,1,11,6.2,14,41,0,Restaurant,Chip,High,0,48.6
220.44,9,0,1.17,0,9,4.8,88,56,0,Other,Contactless,Med,0,39.2
692.71,19,1,2.13,0,5,1.5,118,74,0,General Retail,Swipe,High,0,37.4
30.07,7,5,0.42,2,30,13.4,22,74,0,General Retail,Online,Med,1,37.9
90.69,12,3,0.04,17,62,37.6,83,26,0,Grocery,Chip,Med,0,61.7
151.57,10,0,0.22,4,18,23.2,118,31,0,Grocery,Chip,High,0,37.1
25.46,8,4,0.27,1,8,1.9,28,67,0,Grocery,Contactless,Low,0,39.0
171.1,19,5,0.05,12,16,0.7,55,29,0,Electronics,Chip,Low,0,61.8
37.96,6,1,1.05,0,9,16.1,4,25,0,Gas,Contactless,Med,0,43.0
39.52,15,4,23.0,0,0,22.2,55,37,0,Restaurant,Online,High,1,34.4
52.71,18,1,0.33,4,22,26.1,210,51,0,General Retail,Online,Low,1,24.5
83.08,6,0,0.09,15,20,268.2,86,43,1,General Retail,Chip,High,0,99.1
69.37,18,2,7.01,0,0,3.0,49,35,0,Restaurant,Chip,Med,0,34.5
16.04,12,5,0.11,5,25,18.2,104,34,0,Grocery,Chip,Med,0,41.5
17.82,21,4,0.2,2,18,133.8,96,34,0,Restaurant,Contactless,Med,0,29.8
936.55,20,0,16.63,0,0,35.8,70,31,0,Travel,Online,High,1,33.6
52.09,19,1,0.11,5,16,9.3,80,79,0,Gas,Contactless,Low,0,37.6
235.87,14,3,0.28,1,7,4.3,4,49,0,Jewelry,Contactless,Med,0,56.4
68.85,20,2,0.44,3,15,1.1,113,58,0,Grocery,Chip,Low,0,38.6
311.34,17,2,0.28,2,9,4.5,62,37,0,Other,Contactless,High,0,38.7
66.65,12,3,0.64,2,13,23.6,181,42,0,Other,Chip,Med,0,29.4
24.85,7,5,0.18,2,8,10.9,5,34,0,Grocery,Swipe,Low,0,33.7
62.05,4,4,0.22,3,12,11.4,0,18,0,Restaurant,Online,Low,1,58.9
134.72,12,5,0.03,1,8,578.4,21,24,0,Restaurant,Chip,Med,0,51.5
148.65,11,0,0.22,12,37,6.4,0,18,0,Electronics,Online,Med,1,100.0
104.11,22,3,0.43,1,9,288.5,0,18,1,General Retail,Online,High,1,97.8
239.44,23,3,0.46,1,6,15.0,8,27,0,General Retail,Chip,Med,0,38.2
59.28,9,5,17.22,0,0,59.1,27,64,0,Grocery,Chip,Med,0,42.2
17.67,22,3,0.03,7,35,18.2,46,44,0,Grocery,Swipe,Med,0,37.5
845.5,18,6,3.25,0,4,12.6,122,64,0,Jewelry,Contactless,Med,0,34.2
29.18,14,5,0.02,13,27,12.1,3,51,0,General Retail,Online,Low,1,85.7
91.49,23,4,0.18,1,7,3.4,55,56,0,Electronics,Online,Low,1,59.4
69.69,18,2,0.17,2,9,802.0,0,31,1,Electronics,Chip,Med,0,88.5
263.36,16,2,0.03,17,31,5.7,9,52,0,General Retail,Contactless,Med,0,50.7
33.46,10,3,6.7,0,1,304.8,200,55,0,General Retail,Contactless,Low,0,37.7
97.69,10,3,0.67,1,7,310.7,75,36,0,Other,Chip,Med,0,45.8
483.42,22,0,1.47,0,3,14.9,72,53,0,Electronics,Online,Low,1,61.7
381.74,11,1,0.13,6,28,4.6,100,53,0,Electronics,Chip,Med,0,40.8
81.92,2,5,0.1,3,17,207.1,125,36,0,Other,Online,Low,1,41.0
49.24,12,3,0.04,7,27,23.8,62,28,0,Restaurant,Chip,Med,0,38.7
567.45,15,6,0.99,1,9,3.8,20,27,0,Jewelry,Contactless,Low,0,51.4
303.96,12,1,4.41,0,2,4.5,5,46,0,Jewelry,Online,Med,1,82.0
27.55,22,6,0.14,1,22,19.0,51,49,0,Grocery,Chip,Low,0,34.7
76.93,13,5,0.01,2,12,540.2,14,33,1,General Retail,Chip,Med,0,75.6
33.66,21,2,0.31,3,15,1.9,114,45,0,Restaurant,Chip,Med,0,34.9
44.42,16,4,0.83,3,16,45.8,119,53,0,Restaurant,Online,Low,1,35.9
112.55,15,6,0.24,3,14,363.7,16,54,0,Grocery,Contactless,Med,0,40.8
582.29,8,4,0.96,1,6,42.4,84,68,0,Travel,Online,Med,1,39.7
291.13,10,6,0.44,5,20,9.6,1,64,0,Jewelry,Online,Med,1,84.5
10.7,20,0,0.17,4,14,11.8,1,29,0,General Retail,Contactless,Med,0,38.0
33.37,20,1,0.02,4,28,5.1,30,70,0,Grocery,Online,Med,1,39.2
23.7,13,0,9.88,0,0,48.0,92,37,0,General Retail,Swipe,Med,0,32.5
34.21,21,2,0.48,4,22,270.4,99,60,0,Grocery,Contactless,Med,0,47.0
44.37,21,5,0.7,1,1,3.9,205,46,0,Restaurant,Chip,Med,0,25.6
34.29,9,6,0.6,1,5,1.8,178,38,0,Restaurant,Swipe,Low,0,25.6
1757.16,16,3,1.48,0,8,25.8,0,18,0,Electronics,Contactless,Med,0,46.3
46.25,20,2,0.01,4,26,18.4,21,42,1,Restaurant,Chip,Low,0,69.9
521.32,20,6,5.82,0,1,2.7,19,21,0,General Retail,Contactless,Med,0,38.2
546.46,6,4,0.03,4,16,33.5,59,59,1,Electronics,Online,Low,1,97.8
72.67,11,3,2.35,0,9,8.5,0,67,0,Restaurant,Chip,Low,0,33.3
238.91,14,0,0.96,1,13,9.1,132,33,0,Electronics,Contactless,Med,0,39.9
32.28,10,1,1.49,0,9,159.6,13,49,0,Grocery,Online,High,1,35.2
22.99,9,4,4.65,0,1,997.5,110,34,1,Restaurant,Chip,Low,0,77.9
54.58,17,4,0.01,12,20,11.8,16,35,0,Grocery,Online,Med,1,60.3
46.8,14,3,0.56,2,20,20.9,116,56,0,General Retail,Chip,Med,0,36.6
30.35,9,4,0.23,1,6,42.7,73,44,0,Other,Chip,High,0,38.9
826.62,16,4,0.28,2,7,32.3,75,71,0,Jewelry,Chip,Med,0,38.0
28.45,6,0,0.01,16,37,20.5,90,37,0,General Retail,Swipe,Low,0,47.7
22.61,12,5,7.9,0,0,17.7,193,59,0,Gas,Chip,Low,0,24.7
22.79,19,4,0.53,1,9,27.9,232,46,0,Other,Contactless,Med,0,25.6
27.0,21,1,0.91,1,5,5000.0,0,56,1,Restaurant,Contactless,Low,0,82.0
38.11,10,1,11.21,0,0,15.2,193,38,0,Gas,Chip,High,0,28.0
65.75,21,6,0.25,2,7,31.7,0,44,0,Other,Online,High,1,53.6
68.5,22,1,1.54,0,3,3.7,103,43,0,Restaurant,Online,High,1,43.1
49.53,18,0,0.64,2,26,164.9,117,32,1,Restaurant,Contactless,Low,0,66.2
35.79,23,0,0.22,3,36,11.1,203,54,0,Grocery,Contactless,Med,0,28.3
23.57,11,1,1.0,1,5,3.8,158,54,0,Grocery,Chip,Med,0,23.0
171.02,4,4,0.45,3,14,14.2,109,53,0,Electronics,Online,Low,1,86.3
137.86,20,3,1.61,0,2,0.4,1,68,0,General Retail,Contactless,Low,0,35.6
148.18,14,5,1.22,0,12,79.8,166,66,0,Other,Online,Low,1,24.5
69.18,12,1,1.19,0,5,11.1,62,39,0,Grocery,Contactless,Med,0,38.6
314.04,6,1,1.13,0,10,3.0,3,50,0,General Retail,Contactless,High,0,37.0
2976.09,9,2,0.38,6,20,13.1,4,35,0,Jewelry,Chip,High,0,42.8
46.73,6,5,0.16,6,33,21.8,149,45,0,General Retail,Online,Low,1,33.6
348.94,9,3,0.01,11,13,48.7,179,36,0,General Retail,Contactless,Med,0,40.0
57.74,23,5,5.11,0,1,6.9,45,69,0,General Retail,Chip,Low,0,35.4
1200.67,10,0,0.17,2,16,13.7,63,50,0,Jewelry,Online,Low,1,64.0
543.24,20,2,0.14,1,8,453.0,71,41,0,Electronics,Online,Low,1,98.2
8.4,1,3,0.29,5,31,4.6,99,62,0,Restaurant,Chip,Med,0,46.3
17.93,13,0,0.42,1,7,375.8,0,18,0,Restaurant,Chip,Med,0,48.4
31.44,21,2,0.18,5,29,0.0,0,18,0,General Retail,Swipe,High,0,38.6
27.77,9,1,6.12,0,1,582.6,86,56,0,Gas,Contactless,High,0,44.7
84.74,11,3,0.63,1,9,268.9,183,45,0,Grocery,Swipe,Low,0,33.6
554.06,20,1,0.5,2,25,10.4,103,48,0,Other,Chip,Med,0,34.6
40.47,8,1,0.5,4,13,77.0,77,25,0,Grocery,Chip,Low,0,35.7
67.55,6,6,1.48,0,8,6.8,47,44,0,Gas,Chip,Med,0,37.9
348.29,23,1,2.29,0,9,0.1,210,75,1,General Retail,Online,Med,1,61.5
54.79,13,5,0.1,2,19,12.4,19,57,0,Grocery,Chip,Low,0,37.0
47.07,17,3,0.84,1,3,25.8,66,47,0,Grocery,Contactless,Low,0,36.7
40.79,7,0,0.02,6,36,43.3,127,38,1,Grocery,Online,Low,1,49.4
67.86,10,2,0.69,1,6,2.3,45,39,0,Grocery,Contactless,Low,0,35.2
84.14,14,3,8.21,0,0,37.4,0,18,1,Restaurant,Online,High,1,86.4
435.05,17,1,0.24,2,24,38.1,60,48,0,Electronics,Contactless,Low,0,41.2
50.98,13,1,0.32,2,5,584.8,23,57,1,Restaurant,Contactless,Med,0,79.1
42.02,21,4,0.26,2,15,13.6,16,21,0,Restaurant,Chip,High,0,51.3
18.72,19,0,0.05,8,45,17.4,15,35,0,General Retail,Swipe,Med,0,38.8
68.74,15,6,0.07,14,22,2.4,41,27,0,Gas,Chip,Med,0,56.9
16.66,16,2,0.52,1,13,52.1,4,30,0,Restaurant,Chip,High,0,35.0
51.22,17,2,1.11,0,21,36.5,213,45,0,Restaurant,Online,Low,1,20.6
56.74,19,0,0.24,4,24,1879.2,0,18,0,Restaurant,Chip,Low,0,52.8
15.73,10,6,0.09,1,12,4.5,189,54,0,Restaurant,Chip,Med,0,21.6
37.05,20,1,10.54,0,0,195.9,81,56,0,Grocery,Contactless,Med,0,30.0
2227.02,14,5,0.54,2,24,12.8,25,41,0,Electronics,Online,Med,1,65.4
56.25,22,2,1.49,0,7,18.4,0,18,0,Other,Chip,Low,0,36.3
110.05,21,0,0.04,17,39,404.6,121,30,0,Electronics,Chip,Med,0,60.2
92.56,6,2,0.01,16,37,2.9,4,63,0,Grocery,Chip,Med,0,61.9
237.87,12,3,0.45,1,24,12.3,0,18,0,Travel,Online,High,1,61.5
11.93,15,3,0.55,2,11,19.9,135,39,0,General Retail,Swipe,Low,0,25.7
67.08,15,6,0.05,3,19,8.9,62,27,0,Grocery,Chip,Low,0,40.6
33.03,20,3,0.44,2,21,13.9,34,57,0,Other,Contactless,High,0,48.8
569.86,6,5,0.6,1,18,29.9,10,34,0,Travel,Contactless,Med,0,47.1
28.21,17,2,1.35,0,9,1.1,48,51,0,Grocery,Swipe,Low,0,36.7
123.52,23,1,0.02,3,19,3.2,178,53,0,Other,Online,Low,1,28.6
61.97,23,3,0.01,13,19,11.8,79,72,0,Grocery,Contactless,Med,0,62.7
5.31,0,3,1.83,0,8,28.2,62,41,0,Restaurant,Contactless,Med,0,51.8
70.5,23,2,0.33,4,26,5.6,186,50,0,Grocery,Contactless,Med,0,24.5
53.76,9,5,9.07,0,0,8.5,8,22,0,Grocery,Chip,High,0,36.0
251.12,15,6,0.61,1,25,22.8,142,62,0,Other,Chip,Low,0,25.2
107.64,10,0,0.49,2,6,5.2,108,33,0,General Retail,Chip,Low,0,33.4
64.95,16,0,0.18,3,16,3889.2,25,36,0,Gas,Contactless,Med,0,48.2
252.33,2,1,8.18,0,0,22.3,219,44,0,Travel,Online,High,1,41.4
141.0,10,4,2.63,0,2,12.8,4,21,0,Electronics,Online,Low,1,84.8
68.23,11,0,1.15,0,14,11.1,119,48,0,Other,Online,Med,1,36.2
42.46,21,1,0.8,1,2,294.0,140,59,0,Other,Contactless,Low,0,27.2
232.12,16,2,0.66,1,5,9.0,64,49,0,Other,Chip,Low,0,39.9
86.71,18,2,1.69,0,2,29.3,20,21,0,General Retail,Online,High,1,38.0
12.85,19,5,4.33,0,1,0.4,23,43,0,Restaurant,Chip,Low,0,32.2
26.62,12,3,0.01,4,26,18.1,0,56,0,Other,Online,Low,1,71.7
102.99,6,6,1.92,0,5,49.3,0,18,0,Grocery,Swipe,Med,0,30.9
49.33,8,5,0.27,1,7,43.7,103,28,0,Grocery,Chip,Med,0,32.2
31.36,16,2,0.26,2,8,213.0,0,58,0,Restaurant,Contactless,Med,0,48.4
73.35,22,6,1.85,0,9,2.9,97,49,0,Gas,Contactless,Med,0,40.6
31.01,10,5,4.77,0,2,4.3,1,51,0,General Retail,Contactless,Low,0,35.1
7.49,18,3,0.32,2,10,11.5,112,72,0,Other,Contactless,Med,0,34.9
37.8,20,5,0.21,2,9,4.8,122,52,0,General Retail,Swipe,Med,0,26.6
93.07,22,1,0.02,15,17,2.5,35,54,0,General Retail,Online,Low,1,57.1
30.69,13,1,10.08,0,0,1.9,108,85,0,Restaurant,Swipe,Med,0,35.2
153.96,22,5,1.53,0,1,11.5,0,41,0,Jewelry,Online,Med,1,90.4
125.62,16,5,1.56,0,6,34.4,76,33,0,Grocery,Contactless,High,0,40.3
72.18,15,1,0.01,5,20,12.9,5,51,0,Grocery,Chip,High,0,43.3
145.14,19,5,0.09,3,15,16.4,48,51,0,General Retail,Chip,High,0,37.8
126.63,10,3,3.22,0,3,1164.6,96,37,0,General Retail,Contactless,Med,0,47.8
12.16,20,3,0.28,2,25,8.3,8,29,0,Restaurant,Online,Low,1,37.1
54.79,18,5,2.22,0,13,6.2,82,79,0,Restaurant,Contactless,High,0,40.2
99.2,19,1,2.4,0,1,20.4,0,49,0,Grocery,Contactless,Med,0,39.4
1528.88,20,2,1.12,0,4,1.5,41,34,0,Jewelry,Swipe,Med,0,50.2
74.99,18,2,1.6,0,2,20.4,3,58,0,Restaurant,Chip,High,0,40.1
47.3,7,3,13.98,0,0,3.6,168,43,0,Restaurant,Swipe,Low,0,17.2
60.11,12,1,0.23,2,10,1.2,190,41,0,Electronics,Chip,Low,0,31.1
414.08,20,0,0.33,1,9,9.8,87,53,0,Travel,Swipe,Med,0,38.3
29.53,17,4,4.47,0,1,11.9,40,25,0,Grocery,Contactless,Med,0,39.9
1500.58,22,0,0.25,1,8,20.9,200,50,0,Jewelry,Online,Low,1,54.5
114.67,13,2,0.81,1,8,285.8,82,73,0,Grocery,Contactless,Med,0,46.8
29.65,15,6,0.06,1,7,18.5,4,51,0,Grocery,Online,Med,1,57.2
557.77,20,6,0.05,9,9,9.8,52,39,0,Jewelry,Chip,Med,0,68.1
56.24,19,1,0.02,5,31,65.5,151,37,0,Grocery,Contactless,Low,0,21.6
68.82,12,6,0.18,2,27,25.3,91,38,0,Gas,Contactless,Med,0,43.1
73.04,9,2,0.02,17,17,2702.0,158,41,0,Electronics,Swipe,Med,0,63.1
60.74,20,1,11.7,0,0,54.7,45,39,0,Travel,Chip,High,0,38.0
63.27,19,3,0.39,1,3,24.4,183,58,0,Other,Chip,Low,0,22.2
39.9,14,3,0.01,15,17,5.3,2,19,0,Electronics,Online,High,1,100.0
51.14,15,2,0.09,2,6,103.6,147,57,1,Gas,Chip,Med,0,53.4
149.19,9,2,0.4,3,12,36.9,46,39,0,General Retail,Online,Med,1,34.3
93.5,15,0,1.66,0,13,13.3,115,50,0,Restaurant,Contactless,Med,0,37.3
297.25,11,1,4.91,0,1,1.3,64,28,0,Jewelry,Contactless,Low,0,44.6
41.75,11,1,0.61,2,14,206.6,4,64,1,Restaurant,Contactless,Med,0,71.2
73.08,20,6,1.75,0,11,340.8,128,63,0,Grocery,Contactless,Low,0,29.5
22.28,12,3,0.25,2,9,6.0,37,59,0,Grocery,Chip,Low,0,38.4
1182.46,20,3,0.02,4,25,19.2,14,22,0,Travel,Online,High,1,36.6
57.19,14,3,0.06,2,15,3.1,138,57,0,Grocery,Contactless,Low,0,21.2
56.43,4,6,0.05,1,21,0.2,190,51,0,General Retail,Online,High,1,26.2
374.78,13,5,0.09,3,14,385.5,5,20,0,Electronics,Chip,Med,0,58.0
434.15,8,4,0.13,3,11,585.2,162,44,0,Travel,Online,High,1,31.2
57.78,19,2,0.6,2,8,6.2,177,50,0,Restaurant,Chip,Low,0,26.1
43.51,21,2,0.28,2,5,4.2,191,53,0,Grocery,Swipe,Med,0,25.5
87.85,19,6,11.88,0,0,12.8,69,47,0,Other,Online,Med,1,40.0
55.61,19,6,0.19,3,22,5.7,2,49,0,General Retail,Contactless,High,0,39.0
15.93,21,1,1.67,0,6,10.4,47,67,0,Restaurant,Online,Low,1,38.4
72.3,19,2,10.82,0,0,1.4,105,63,0,Other,Chip,Low,0,41.1
36.23,16,2,1.12,0,1,13.9,0,18,0,Grocery,Contactless,High,0,41.9
58.68,19,5,1.04,0,5,3.7,97,40,0,Restaurant,Contactless,Low,0,43.5
80.82,13,6,0.3,3,7,7.7,95,42,0,Grocery,Swipe,Med,0,34.7
29.1,7,6,0.45,2,17,10.2,0,18,0,Grocery,Chip,Low,0,39.0
37.79,19,5,2.97,0,4,475.8,212,46,0,Restaurant,Swipe,Low,0,25.0
301.5,19,2,0.04,3,33,12.5,121,63,0,Jewelry,Online,Med,1,49.3
11.11,11,2,0.22,3,24,31.2,32,28,0,Restaurant,Chip,Med,0,37.2
349.11,21,6,0.01,4,18,136.7,170,50,0,Jewelry,Chip,Med,0,36.6
315.39,3,2,0.32,3,12,15.1,51,31,0,Electronics,Online,Med,1,74.9
527.61,18,1,6.44,0,1,240.9,133,34,0,Electronics,Chip,Med,0,69.3
71.52,23,5,0.03,9,11,18.8,55,67,0,Grocery,Chip,High,0,54.2
865.48,11,3,0.07,1,5,3.0,72,36,1,Travel,Online,Low,1,68.7
29.07,21,0,0.03,1,7,11.5,49,51,0,Grocery,Swipe,Med,0,34.8
421.08,19,6,0.03,2,16,2.5,0,18,0,Jewelry,Chip,Med,0,49.6
127.0,20,2,8.87,0,0,16.5,99,72,0,Restaurant,Chip,Med,0,36.5
112.35,23,2,1.24,0,1,2.9,89,54,0,Jewelry,Online,Med,1,54.7
41.0,17,3,5.64,0,1,3.8,2,42,0,Grocery,Chip,Med,0,40.5
30.71,14,1,0.77,1,7,1133.7,87,53,0,General Retail,Chip,Med,0,40.9
48.44,17,5,0.85,1,15,12.8,2,23,0,Grocery,Contactless,Med,0,38.8
48.93,13,4,0.75,2,10,3637.0,105,62,0,Grocery,Contactless,High,0,40.1
150.61,11,3,9.55,0,0,20.3,175,40,0,General Retail,Online,Med,1,24.9
44.82,8,1,2.77,0,7,2.8,214,41,0,Restaurant,Chip,Med,0,13.3
166.33,12,3,0.84,1,7,15.7,54,37,0,Jewelry,Online,Low,1,64.3
351.81,20,1,9.94,0,0,22.8,208,36,0,Jewelry,Online,Med,1,47.7
73.94,23,6,0.17,4,24,19.7,146,55,0,General Retail,Online,Low,1,19.7
1000.43,23,5,1.72,0,2,10.0,60,48,0,Travel,Chip,High,0,41.1
4236.8,9,0,0.21,1,7,23.3,111,54,1,Travel,Online,Med,1,70.5
122.98,16,3,2.81,0,7,8.8,22,44,1,Other,Online,Low,1,70.0
24.78,16,5,0.23,1,13,1.4,78,52,0,Grocery,Contactless,Low,0,35.1
77.75,8,3,0.12,4,22,7.0,172,38,0,General Retail,Online,Med,1,28.4
588.57,16,0,1.17,0,6,4963.1,201,78,0,Travel,Online,High,1,56.1
39.24,12,0,0.19,3,11,0.2,4,21,0,Grocery,Contactless,Med,0,44.0
50.4,22,5,0.34,1,9,1512.6,12,63,0,Gas,Contactless,Low,0,49.5
19.35,10,3,0.08,3,25,1.1,97,65,0,Gas,Swipe,Med,0,43.7
169.64,21,3,0.47,1,13,28.3,65,32,0,General Retail,Online,High,1,41.9
30.54,22,1,2.16,0,3,0.6,166,78,0,Restaurant,Online,High,1,22.4
459.67,18,1,0.28,2,14,9.2,4,59,0,Jewelry,Contactless,Low,0,47.0
342.09,10,2,0.84,1,13,16.7,139,59,0,General Retail,Chip,Med,0,24.0
198.49,12,3,1.4,0,6,32.6,19,45,0,Jewelry,Contactless,Med,0,50.2
53.53,23,3,1.08,0,7,7.0,1,41,0,Gas,Chip,Med,0,38.0
892.91,4,6,0.11,4,21,9.6,86,41,0,Travel,Online,Med,1,74.4
670.36,10,1,0.29,1,14,4.4,4,50,0,Jewelry,Swipe,Med,0,53.4
19.26,23,3,0.66,2,12,18.1,154,66,0,Grocery,Chip,Med,0,23.5
115.1,19,1,1.11,0,7,4.5,116,47,0,Grocery,Chip,Low,0,35.5
38.37,18,0,0.02,4,7,17.1,41,31,0,Gas,Contactless,Low,0,36.4
41.3,9,2,15.78,0,0,16.2,116,57,0,Other,Chip,Med,0,42.3
25.5,16,0,5.87,0,1,39.6,30,58,0,Restaurant,Contactless,Low,0,38.8
42.9,20,2,0.11,3,25,11.2,110,54,0,Grocery,Chip,Med,0,39.8
29.94,12,4,0.04,14,16,901.2,33,56,0,Grocery,Contactless,High,0,63.1
72.25,10,2,0.39,3,18,5.8,66,40,0,Grocery,Contactless,High,0,29.2
20.57,1,4,0.12,2,8,62.0,120,31,0,Restaurant,Chip,Low,0,44.7
691.14,17,2,0.04,5,20,5.9,112,31,0,Travel,Online,Low,1,36.9
54.55,13,2,2.51,0,3,17.7,20,20,0,Restaurant,Contactless,Med,0,39.3
1425.38,20,6,23.01,0,0,23.5,57,48,0,Electronics,Contactless,Med,0,42.9
41.7,10,1,0.08,4,16,37.1,164,43,0,Grocery,Online,Low,1,20.7
23.9,10,3,0.16,2,12,10.7,118,38,0,Restaurant,Contactless,High,0,36.8
90.44,23,5,0.31,2,8,68.8,0,18,0,Travel,Online,Low,1,65.3
3255.52,23,2,0.06,2,4,5.0,8,26,0,Jewelry,Online,Low,1,55.8
598.84,17,2,0.4,2,19,9.5,153,61,0,Electronics,Chip,Med,0,23.0
36.39,22,4,2.63,0,2,23.2,197,35,0,Gas,Contactless,Med,0,31.7
424.6,8,0,0.23,1,29,43.9,57,50,1,General Retail,Online,Med,1,64.9
1836.77,14,1,0.15,2,14,3.5,2,24,0,Jewelry,Online,Med,1,84.8
26.96,10,2,1.08,0,7,872.9,238,66,1,Grocery,Swipe,High,0,58.4
145.72,15,1,0.46,1,15,6.5,5,42,0,Electronics,Chip,Low,0,45.6
45.53,19,3,0.32,1,1,10.9,175,49,0,Gas,Swipe,Med,0,24.3
23.87,20,4,2.01,0,8,15.4,5,79,0,Grocery,Contactless,Low,0,44.4
383.18,0,6,0.55,1,12,50.6,200,67,0,Travel,Online,Med,1,38.7
1062.3,14,4,15.98,0,0,49.3,64,40,0,Jewelry,Contactless,Med,0,41.7
95.89,23,4,0.31,2,11,16.3,26,36,0,Electronics,Online,Med,1,56.8
373.73,16,5,0.8,1,5,17.9,197,40,0,Electronics,Chip,Low,0,35.6
90.39,11,1,0.1,7,27,140.1,51,52,1,Gas,Swipe,High,0,68.9
124.32,13,3,0.01,5,23,22.2,43,43,0,General Retail,Chip,Med,0,35.1
76.58,11,5,1.96,0,1,20.8,207,39,1,Other,Contactless,High,0,62.5
36.74,13,1,1.98,0,3,12.7,42,67,0,Gas,Contactless,Med,0,31.0
81.42,15,2,0.57,1,1,4.8,87,43,0,Restaurant,Chip,High,0,36.5
21.58,14,1,0.3,2,23,5.9,209,79,0,Other,Chip,Med,0,27.3
64.4,14,6,0.56,4,12,17.8,10,46,0,Grocery,Chip,Med,0,33.3
71.81,15,2,0.02,8,50,10.6,212,71,0,Other,Contactless,Med,0,30.0
247.64,1,2,10.64,0,0,18.1,1,50,0,General Retail,Online,Med,1,67.0
195.32,3,5,1.3,0,6,31.3,200,59,0,Electronics,Online,Med,1,61.9
52.97,12,6,19.98,0,0,3.1,101,34,0,General Retail,Online,Med,1,35.2
201.83,20,0,0.24,3,10,3.2,122,32,0,Jewelry,Contactless,Med,0,22.6
636.3,19,6,0.2,2,5,41.5,164,51,0,Travel,Contactless,Med,0,23.1
41.76,8,4,0.1,3,6,8.0,0,59,0,Grocery,Chip,Med,0,41.2
37.48,14,6,0.68,1,7,623.6,220,45,1,General Retail,Contactless,Med,0,60.3
32.51,16,0,0.6,3,21,13.9,15,25,0,Other,Chip,Med,0,35.5
119.77,14,0,0.42,1,5,17.4,5,24,0,Other,Contactless,Med,0,35.9
23.23,18,2,0.36,2,9,22.4,1,23,0,Other,Chip,Med,0,40.1
38.27,23,5,3.17,0,1,13.1,0,18,0,General Retail,Swipe,High,0,36.6
173.28,6,3,0.57,1,28,4.6,76,46,0,General Retail,Online,Low,1,38.1
63.15,15,5,0.99,1,10,471.8,98,61,0,General Retail,Contactless,Low,0,44.7
183.29,15,1,0.12,3,17,69.4,202,44,0,General Retail,Online,Low,1,22.7
60.42,16,2,18.86,0,0,300.5,0,18,0,General Retail,Online,Med,1,73.4
54.96,9,6,0.83,1,3,416.0,178,42,0,Grocery,Chip,Med,0,27.3
60.88,17,3,0.77,1,1,5.5,228,42,0,Grocery,Chip,Med,0,27.6
276.25,6,5,1.26,0,3,32.6,234,76,0,General Retail,Contactless,Low,0,29.9
95.49,18,4,0.67,2,29,27.1,4,23,0,Gas,Chip,High,0,37.4
76.13,17,1,1.48,0,8,4.0,24,39,0,Gas,Swipe,Med,0,38.2
36.55,12,6,0.07,3,21,22.6,77,70,0,Grocery,Contactless,Med,0,40.1
118.12,21,6,0.82,1,45,5.8,4,51,0,Electronics,Chip,Low,0,45.3
130.32,20,5,0.05,1,7,33.3,108,53,0,Other,Contactless,Low,0,30.4
273.5,15,3,1.7,0,2,7.8,67,46,0,General Retail,Chip,Low,0,37.0
223.93,23,2,0.53,1,5,13.9,33,49,0,Other,Contactless,Med,0,44.6
333.9,19,2,1.08,0,17,13.9,120,56,0,Electronics,Contactless,Med,0,49.1
76.8,9,4,0.65,2,7,23.8,34,32,0,Grocery,Chip,Low,0,38.3
89.29,16,2,2.97,0,2,32.8,141,58,0,Grocery,Chip,Med,0,27.8
52.71,16,1,0.12,7,51,453.7,39,24,0,Grocery,Contactless,Low,0,44.0
62.33,17,0,12.08,0,0,5.5,141,49,0,Grocery,Contactless,Med,0,24.9
81.18,22,2,0.03,16,20,17.1,54,47,0,General Retail,Online,Low,1,53.9
30.47,14,5,0.2,6,39,50.0,174,35,0,Gas,Chip,Low,0,26.7
30.67,7,5,0.15,3,51,77.6,3,44,0,Other,Chip,Low,0,35.9
43.65,14,5,0.08,8,43,17.9,176,35,0,General Retail,Contactless,Med,0,23.5
13.16,20,4,17.1,0,0,0.7,16,28,0,Restaurant,Contactless,High,0,41.5
80.75,12,6,0.07,1,13,2.4,196,39,0,Other,Chip,Med,0,24.0
58.48,4,5,0.74,2,20,5.0,67,28,0,Other,Swipe,Low,0,51.3
1022.12,11,5,0.68,1,6,19.4,34,49,0,Travel,Online,High,1,40.6
1641.64,17,3,0.48,4,21,984.8,2,27,1,Travel,Contactless,High,0,100.0
263.17,7,0,1.95,0,17,31.6,170,55,0,Other,Chip,Med,0,23.4
284.56,12,2,0.44,2,15,35.6,26,27,1,General Retail,Online,Low,1,65.7
